eo,Sn,Z,kni,krcf,Vm,Vj,e,kf,Cluster
29.99994,2586.416917773129,0.686007718740022,1000000.0,34.300385937001096,8.849823200201993e-06,8.819645427166817e-06,27.31171207379955,34.34663234172986,1
29.99994,3377.9444021584814,0.2127235727582005,1000000.0,10.636178637910028,3.158147750914301e-05,3.128894718180092e-05,20.46306889898708,10.823594814088718,3
29.99994,3435.93748520351,0.6703145516449629,1000000.0,33.51572758224815,9.36655962635621e-06,9.341095273111178e-06,27.15277416075571,33.55407644324085,1
29.99994,1024.2359681702403,0.6790225926993159,1000000.0,33.951129634965795,9.078719062516788e-06,8.998953294320035e-06,27.25705903589125,34.07253442932347,2
29.99994,3200.0900373010045,0.3415094233126918,1000000.0,17.07547116563459,2.3183733641386077e-05,2.301698221294703e-05,22.984363821493744,17.22734733221211,3
29.99994,2524.3320838887,0.3989056278627871,1000000.0,19.94528139313936,2.0204071947542598e-05,2.004364800452838e-05,23.890636088219747,20.10940921262006,3
29.99994,1201.2698648612172,0.4075277250042851,1000000.0,20.376386250214253,1.978478114126721e-05,1.9464207802400404e-05,24.067249461828357,20.710677116062943,0
29.99994,1822.640501219224,0.3285063787403125,1000000.0,16.425318937015625,2.391039987903756e-05,2.360079172145282e-05,22.806418683301175,16.70001385294716,0
29.99994,1292.8550749572323,0.5791809284299096,1000000.0,28.959046421495483,1.2561421060675115e-05,1.2440548297426836e-05,26.2080608789443,29.12245718488155,2
29.99994,2210.072180520703,0.2533611881109218,1000000.0,12.668059405546089,2.859525675496568e-05,2.822999986362612e-05,21.39543604156676,12.935196405725929,0
29.99994,1609.1945599662783,0.4199213466656046,1000000.0,20.996067333280237,1.919358509159092e-05,1.8967352967642944e-05,24.21869081546243,21.23689947564826,0
29.99994,3591.4708714864387,0.4004048597603588,1000000.0,20.020242988017937,2.0130679656792396e-05,2.0018473407651727e-05,23.89830930534775,20.13525669826164,3
29.99994,2510.4931587696237,0.2123942135394967,1000000.0,10.619710676974837,3.160736594745737e-05,3.121437378510075e-05,20.48579887030129,10.871765538763036,3
29.99994,2018.849436526552,0.7629190965444341,1000000.0,38.14595482722171,6.438298732589857e-06,6.4178316701332905e-06,28.04378490694337,38.17991609503975,2
29.99994,1460.3840952418211,0.4482774951097193,1000000.0,22.413874755485967,1.7888610204490332e-05,1.7672139742802693e-05,24.61347180639374,22.65582942512452,0
29.99994,1540.9301341275136,0.7739462680976323,1000000.0,38.69731340488162,6.107693225567597e-06,6.083580100550176e-06,28.145664785352302,38.73775994058023,2
29.99994,3960.592477348947,0.3730169138126792,1000000.0,18.650845690633965,2.1505304806187894e-05,2.13891654846274e-05,23.48052236028557,18.763743034308465,3
29.99994,3676.1298276158823,0.6792101438517344,1000000.0,33.96050719258672,9.072550172570962e-06,9.050214583315424e-06,27.241434595005455,33.99447659820579,1
29.99994,2192.8313456873293,0.315045606524159,1000000.0,15.752280326207952,2.46857390909317e-05,2.4410933670649453e-05,22.559487417186045,15.988413454190356,0
29.99994,3184.3384799414853,0.5703024858432477,1000000.0,28.515124292162387,1.28923870409605e-05,1.2840400290385056e-05,26.08618599149063,28.584513530409573,1
29.99994,1902.6317784332675,0.7731285124631584,1000000.0,38.65642562315792,6.132088629905398e-06,6.1123887017928285e-06,28.136883923693546,38.68944105855013,2
29.99994,3492.782681938792,0.6132450961749567,1000000.0,30.66225480874784,1.132584444006432e-05,1.1289237482455875e-05,26.558980415347445,30.71383554736749,1
29.99994,1379.6740054146362,0.3187713156182594,1000000.0,15.938565780912969,2.4468690345038327e-05,2.404229720920575e-05,22.671847810634084,16.30933037780563,0
29.99994,3850.4144198432055,0.5198119060096363,1000000.0,25.990595300481814,1.4851810088710656e-05,1.4794743835110056e-05,25.49050207905845,26.06165664160784,1
29.99994,3655.5462818476985,0.2638301614044981,1000000.0,13.191508070224906,2.788482475700929e-05,2.767372716098397e-05,21.564987961332086,13.35012524145821,3
29.99994,2508.390452150067,0.5084239459531028,1000000.0,25.42119729765514,1.5313346491416665e-05,1.5220428066959558e-05,25.360753525190724,25.535071185347924,1
29.99994,2821.0067079084747,0.3615966087261663,1000000.0,18.07983043630832,2.210093184996545e-05,2.192912998717058e-05,23.315941179910407,18.24316826986384,3
29.99994,2731.173310946485,0.5043570166805775,1000000.0,25.21785083402888,1.5480051801456297e-05,1.5392806717301946e-05,25.308212512566364,25.32411925877437,1
29.99994,1326.9013312828347,0.6741756735023592,1000000.0,33.70878367511796,9.238587913232453e-06,9.174708745037343e-06,27.203488774512618,33.80546224014462,2
29.99994,1947.451714152672,0.4203092718572841,1000000.0,21.015463592864204,1.917529284467857e-05,1.8988327113825226e-05,24.21229789570607,21.21448504403253,0
29.99994,2026.219928048084,0.2953615305964795,1000000.0,14.768076529823976,2.586556272693398e-05,2.5539539596714256e-05,22.21548833092149,15.035293712715896,0
29.99994,2040.5464419399516,0.4288711890527414,1000000.0,21.443559452637075,1.8774750333977758e-05,1.8603581673437736e-05,24.32956830593617,21.62848362240468,0
29.99994,3085.1265057322885,0.6253420182666468,1000000.0,31.267100913332342,1.0899454493007386e-05,1.0861083332761529e-05,26.689481800174285,31.321966912568307,1
29.99994,1560.6620447605064,0.3957395609774178,1000000.0,19.78697804887089,2.0359743615470184e-05,2.0097559271689904e-05,23.87420393398892,20.054140671550552,0
29.99994,2616.304379343132,0.4528727892918383,1000000.0,22.643639464591917,1.7683004196704663e-05,1.7564291161336797e-05,24.646344054024546,22.777103064167413,3
29.99994,2336.3924928135293,0.526004891388808,1000000.0,26.3002445694404,1.4603993938919956e-05,1.451327638992752e-05,25.57629335635009,26.414286141112804,2
29.99994,1448.8986991837655,0.364126046568626,1000000.0,18.206302328431303,2.196780517531652e-05,2.16397098228216e-05,23.404156446003974,18.52082933528053,0
29.99994,2962.2331775689763,0.4774922754669562,1000000.0,23.87461377334781,1.660734817801929e-05,1.6514760471117188e-05,24.96624100840348,23.98286673518441,3
29.99994,2028.8985670077927,0.3491718567809336,1000000.0,17.45859283904668,2.2765192576692985e-05,2.25125907599319e-05,23.138102336372757,17.69291577312482,0
29.99994,2814.297499551681,0.5835567434636159,1000000.0,29.177837173180794,1.2399699872754768e-05,1.2345306867035691e-05,26.23709046692752,29.25170270489606,1
29.99994,2347.1408627297915,0.5905234170659173,1000000.0,29.526170853295863,1.2144092471136282e-05,1.2081582437482907e-05,26.317473673055208,29.611830067362515,2
29.99994,3948.303700029048,0.7851443148070665,1000000.0,39.25721574035333,5.775560558229557e-06,5.767124435035399e-06,28.242120472201208,39.271515835240855,1
29.99994,2721.0081326808045,0.4339371695336784,1000000.0,21.69685847668392,1.854057078868152e-05,1.8415092908060245e-05,24.38701968162324,21.833500724876977,3
29.99994,2786.076036163462,0.7282194387995025,1000000.0,36.41097193997512,7.5025791750663315e-06,7.482429860502897e-06,27.71929537851872,36.443258807606526,1
29.99994,3317.6854614846907,0.20364357601361,1000000.0,10.182178800680502,3.230648328847713e-05,3.1994927655008486e-05,20.24788605075341,10.375456456736948,3
29.99994,3698.281894763428,0.3068782355137183,1000000.0,15.343911775685918,2.516836840173464e-05,2.4998244800441528e-05,22.38047498482542,15.486941484110798,3
29.99994,3561.8995416437765,0.4973726350281148,1000000.0,24.86863175140574,1.5768712470021787e-05,1.5699211254341348e-05,25.21482040967676,24.952380073076288,1
29.99994,2098.223854674533,0.3413774750692526,1000000.0,17.068873753462633,2.319100239520157e-05,2.2937481689290645e-05,23.00859558110421,17.300111505876497,0
29.99994,2675.672913144244,0.4091311851509307,1000000.0,20.456559257546537,1.9707540488263537e-05,1.9563446858893657e-05,24.037001397409213,20.606755332414707,3
29.99994,1416.0237490906657,0.2232501111914904,1000000.0,11.162505559574525,3.07694631674656e-05,3.011507810704889e-05,20.82086419297149,11.6006804908924,0
29.99994,3524.771234088001,0.7224018660893343,1000000.0,36.12009330446672,7.684715151417343e-06,7.66799736418743e-06,27.662734403395667,36.14671940261098,1
29.99994,3620.2116770811767,0.4599959893844885,1000000.0,22.999799469224428,1.736736379161367e-05,1.728444454183762e-05,24.73164130364789,23.094056079305293,3
29.99994,3823.7489485168,0.684628280699094,1000000.0,34.231414034954696,8.894887084462378e-06,8.8742436279767e-06,27.2950705421927,34.262996666835235,1
29.99994,1097.7632141403028,0.2012280029035658,1000000.0,10.06140014517829,3.2503432174446434e-05,3.1568720788807045e-05,20.377793903571607,10.64430038839106,0
29.99994,3117.284990328888,0.3019997209665943,1000000.0,15.099986048329711,2.5461264740981615e-05,2.525498782595402e-05,22.30221971064921,15.27146916657614,3
29.99994,1622.2552791506532,0.2026314739576138,1000000.0,10.131573697880691,3.2388788571233264e-05,3.175479504623525e-05,20.32107846990749,10.5262934088593,0
29.99994,3734.715093138325,0.7681948607007065,1000000.0,38.409743035035326,6.279682075318972e-06,6.26914092000158e-06,28.089105847583514,38.42732190100978,1
29.99994,1925.974021705248,0.4384568309048046,1000000.0,21.92284154524023,1.8333369776181075e-05,1.816049976147929e-05,24.46461967270111,22.112728527163032,0
29.99994,3396.1519832559798,0.5589323309559997,1000000.0,27.946616547799984,1.3321929151490514e-05,1.3269876019283965e-05,25.95528178932225,28.01505328507031,1
29.99994,2719.1568421438888,0.3836003451834135,1000000.0,19.18001725917068,2.0965414122283866e-05,2.080500208653849e-05,23.658575364023065,19.339392043524235,3
29.99994,2123.378397796213,0.4537480271563557,1000000.0,22.687401357817787,1.764402123328123e-05,1.749861804529332e-05,24.666361219794595,22.85118931311853,0
29.99994,3496.971863726505,0.4334497701653867,1000000.0,21.67248850826934,1.856301184325333e-05,1.846499392538617e-05,24.37180985154229,21.779082711395443,3
29.99994,3183.4020425306235,0.2680570866795724,1000000.0,13.40285433397862,2.7603968686370056e-05,2.7366666394011748e-05,21.658580083105218,13.583396717096472,3
29.99994,1348.1592513722012,0.3832526346918709,1000000.0,19.162631734593543,2.098297319839084e-05,2.066139582217452e-05,23.70234655340121,19.482910457337493,0
29.99994,1743.5605327849355,0.3091693677415872,1000000.0,15.45846838707936,2.5032017286951605e-05,2.467772319619069e-05,22.478169969801076,15.759130908119523,0
29.99994,1218.7681466031124,0.7936873587037385,1000000.0,39.68436793518693,5.5245560767056216e-06,5.499626809563982e-06,28.323653748444897,39.72698131565597,2
29.99994,1550.860096693898,0.5469195809109939,1000000.0,27.345979045549697,1.3782926949164654e-05,1.3661513264116105e-05,25.83591075709741,27.50322126206569,2
29.99994,3066.1931926288244,0.4102686660183928,1000000.0,20.513433300919644,1.9652884179017648e-05,1.9527720497181185e-05,24.04789079245917,20.644122327939392,3
29.99994,3968.557028775161,0.4718291722452423,1000000.0,23.59145861226212,1.6851025895313426e-05,1.677977671083111e-05,24.88546405853868,23.673988643443987,3
29.99994,2364.0316013273177,0.2140679498125348,1000000.0,10.70339749062674,3.1476116935959594e-05,3.106253198701003e-05,20.532080250359343,10.970344654995817,0
29.99994,3489.0226847584563,0.4797884578569206,1000000.0,23.98942289284603,1.650916312731428e-05,1.643141387870065e-05,24.991645049772043,24.08062951618107,3
29.99994,3346.226477462552,0.4201725014723231,1000000.0,21.008625073616155,1.9181740677607848e-05,1.9072410946539936e-05,24.186669143494623,21.1248053069418,3
29.99994,3519.340383880788,0.5511653605481361,1000000.0,27.558268027406807,1.3619132248358252e-05,1.3566632138365062e-05,25.864830524226328,27.62657255376628,1
29.99994,3913.5710337591167,0.3321188044315766,1000000.0,16.60594022157883,2.370638899016797e-05,2.356365257141678e-05,22.81773869623217,16.733194892165297,3
29.99994,3380.845280445494,0.2474689878468299,1000000.0,12.3734493923415,2.9004838613387343e-05,2.875811789733991e-05,21.234465664890795,12.550291354512783,3
29.99994,3143.2701237531837,0.2168941717165069,1000000.0,10.844708585825346,3.1256230243192296e-05,3.0948482938532e-05,20.56684240033544,11.044827578840511,3
29.99994,3188.7953284356954,0.3954513288349919,1000000.0,19.7725664417496,2.037396197176441e-05,2.024461437777251e-05,23.829381537654932,19.903962439812037,3
29.99994,1824.398267773448,0.6914534891968267,1000000.0,34.57267445984134,8.672580151121341e-06,8.631548651131702e-06,27.369043971135053,34.63593923940557,2
29.99994,3518.366663851795,0.3267644235006139,1000000.0,16.338221175030696,2.4009378176449744e-05,2.384664834946906e-05,22.73148158308183,16.481602339335645,3
29.99994,1229.4851318787246,0.3276495821648738,1000000.0,16.382479108243693,2.395903393653806e-05,2.350106754056476e-05,22.836814613635863,16.78922175007763,0
29.99994,2675.86958105912,0.3108323981726708,1000000.0,15.541619908633542,2.4933520035035823e-05,2.4703336494041785e-05,22.47036303661606,15.737248984074135,3
29.99994,2787.625181322838,0.2931067866572535,1000000.0,14.655339332862674,2.6004437779885775e-05,2.5764096698864745e-05,22.147043326186022,14.850855789822424,3
29.99994,1108.8331862751706,0.4384601741802021,1000000.0,21.92300870901011,1.83332171000267e-05,1.8035029673369667e-05,24.502862955556925,22.251320229238,0
29.99994,3481.88589710162,0.6516717510221727,1000000.0,32.58358755110864,9.992348391394449e-06,9.963754316986536e-06,26.962987684182504,32.6257506885523,1
29.99994,3940.742572637208,0.4585389764943055,1000000.0,22.926948824715275,1.743162661346329e-05,1.7354858489804476e-05,24.710179132307594,23.01399608356788,3
29.99994,1901.929139000419,0.5539909107411718,1000000.0,27.69954553705859,1.3510651216614895e-05,1.341535315648828e-05,25.91094035790237,27.82410210886028,2
29.99994,3845.5637694401594,0.3302195955938704,1000000.0,16.510979779693518,2.3813437710871045e-05,2.3666881873781418e-05,22.78627440487142,16.641089339845067,3
29.99994,2386.416357835532,0.5642626326712893,1000000.0,28.213131633564466,1.3119752732307925e-05,1.3048018903840486e-05,26.022903838109418,28.308149946266347,2
29.99994,3078.3175192009094,0.7728959664856163,1000000.0,38.64479832428081,6.139029509141764e-06,6.126810927774529e-06,28.13248802921432,38.66526853849659,1
29.99994,2246.0688739530983,0.6365912485132832,1000000.0,31.82956242566416,1.0508459683301064e-05,1.0459523746885531e-05,26.811877161949287,31.900489257425885,2
29.99994,1509.2829306862948,0.7709941706653967,1000000.0,38.54970853326984,6.195851921438793e-06,6.170520929363576e-06,28.119165220729982,38.59207712298412,2
29.99994,1813.9933529894136,0.7849341008648356,1000000.0,39.24670504324178,5.781762653596826e-06,5.76339292258162e-06,28.24325783719712,39.2778423780012,2
29.99994,3088.2520420981564,0.6745953083083102,1000000.0,33.72976541541551,9.224712824132223e-06,9.197240357534216e-06,27.19662113902357,33.771337838983285,1
29.99994,1339.554069793363,0.7786755907311962,1000000.0,38.93377953655981,5.9669853257946844e-06,5.940523522211019e-06,28.18926843043008,38.97837060462507,2
29.99994,2528.8630950725974,0.393925797488546,1000000.0,19.696289874427304,2.044934542294441e-05,2.0285310712414537e-05,23.81697729485605,19.86255123142024,3
29.99994,3423.668014561585,0.519522816051267,1000000.0,25.976140802563357,1.4863432182223113e-05,1.4799183354007582e-05,25.48914891369849,26.05612314166273,1
29.99994,1912.2082774300743,0.5235637972115421,1000000.0,26.178189860577103,1.4701413199299107e-05,1.458924834221858e-05,25.55313710529177,26.31875616525582,2
29.99994,2058.66249592223,0.5113197102447478,1000000.0,25.56598551223739,1.5195256349589432e-05,1.508391996922448e-05,25.40236119338038,25.70305866650732,2
29.99994,2856.741040974117,0.278606209165079,1000000.0,13.93031045825395,2.6917248664208727e-05,2.66659920301428e-05,21.87214562921248,14.1271323944842,3
29.99994,2965.670313969047,0.5810241141124857,1000000.0,29.051205705624284,1.2493189360126348e-05,1.244078129716624e-05,26.207989860623726,29.122141523283684,1
29.99994,1828.319761075233,0.3672479040147243,1000000.0,18.362395200736216,2.180445180030885e-05,2.1547477638788607e-05,23.43226881569723,18.609976451282048,0
29.99994,2023.7445024578628,0.58284780219681,1000000.0,29.1423901098405,1.2425839014169266e-05,1.2350009663323097e-05,26.23565705461912,29.245310789641337,2
29.99994,3735.8375066759527,0.4841934706093245,1000000.0,24.209673530466223,1.63217865018101e-05,1.6250787193466487e-05,25.046700063431413,24.293524132408432,3
29.99994,3737.180162235469,0.753856254574444,1000000.0,37.6928127287222,6.712705476828086e-06,6.70066976522767e-06,27.95757585555861,37.712602840245694,1
29.99994,3664.8699275574577,0.6499159689343348,1000000.0,32.49579844671674,1.005197411107238e-05,1.002447905505941e-05,26.94447878401789,32.53625834266389,1
29.99994,1410.0302416961404,0.3080694385272409,1000000.0,15.403471926362045,2.5097381953606435e-05,2.4658481210184517e-05,22.48403492713576,15.775584704931422,0
29.99994,3523.302230380632,0.47751367361265,1000000.0,23.875683680632505,1.6606431557634382e-05,1.652852740941622e-05,24.96204484560993,23.966747264973502,3
29.99994,2138.8180226710683,0.204140019856577,1000000.0,10.207000992828853,3.2266224019467e-05,3.178668978947964e-05,20.3113569521666,10.506164922229868,0
29.99994,3415.411032431838,0.5030534736662129,1000000.0,25.152673683310645,1.5533697956799722e-05,1.5463368706061322e-05,25.286705218392505,25.23814568099938,1
29.99994,2584.870199808566,0.4817521621078541,1000000.0,24.087608105392704,1.6425474069468648e-05,1.6321757986319756e-05,25.02506816576973,24.20970716379393,3
29.99994,1782.918386070323,0.2768385433859752,1000000.0,13.841927169298762,2.7030942886222143e-05,2.6627245466836684e-05,21.88395558170818,14.157669122515257,0
29.99994,1183.3932041197932,0.6840082227741975,1000000.0,34.200411138709875,8.915165504828921e-06,8.848504749940892e-06,27.302915752218013,34.30240544074661,2
29.99994,3110.209141657506,0.6011451953900459,1000000.0,30.05725976950229,1.1758697463179034e-05,1.171440906139027e-05,26.429388118088244,30.118746585295064,1
29.99994,3159.92276895355,0.7765764475490486,1000000.0,38.82882237745243,6.0293601852818215e-06,6.017877641402123e-06,28.16569089490063,38.84812791082047,1
29.99994,2830.0692612978646,0.4743565053060921,1000000.0,23.717825265304608,1.674200774532961e-05,1.664354852311398e-05,24.926986410154857,23.83238837031281,3
29.99994,1996.747210218508,0.5800509377244794,1000000.0,29.002546886223968,1.252919448643029e-05,1.2451066502589336e-05,26.204854930010764,29.10820996822629,2
29.99994,1699.891806232427,0.312327601748572,1000000.0,15.6163800874286,2.4845299613946924e-05,2.4487396423475543e-05,22.53618157012465,15.92244626578922,0
29.99994,2300.704270309693,0.7021419625184695,1000000.0,35.10709812592347,8.327725049719435e-06,8.297690383832126e-06,27.470803971007967,35.15393449626089,2
29.99994,3274.37727808247,0.5484120674839955,1000000.0,27.42060337419977,1.372524109724726e-05,1.3667949014023358e-05,25.83394914052568,27.494869378360185,1
29.99994,1995.0458430286667,0.7633832696528031,1000000.0,38.16916348264016,6.424310350683659e-06,6.403689626756192e-06,28.048095401764712,38.20339541911908,2
29.99994,2285.1940405713717,0.4856427731699603,1000000.0,24.282138658498017,1.6260416887628256e-05,1.614553251244432e-05,25.07878169020697,24.418231095442582,0
29.99994,3035.773942631062,0.265940630726882,1000000.0,13.297031536344104,2.774417710957396e-05,2.7492917174622905e-05,21.62009884517494,13.487118103265496,3
29.99994,2516.4977326570784,0.3390116356831784,1000000.0,16.95058178415892,2.3321690578044502e-05,2.31075410025108e-05,22.95676150243471,17.144741810285126,3
29.99994,3845.178368951707,0.798108383035149,1000000.0,39.90541915175745,5.395456130034529e-06,5.387895971945491e-06,28.35770930775101,39.918392581177656,1
29.99994,2032.882759902323,0.5720341311245853,1000000.0,28.601706556229267,1.282753382641317e-05,1.274709935601323e-05,26.114624116287164,28.70936431545012,2
29.99994,1698.507339923804,0.3504412540338087,1000000.0,17.522062701690437,2.2696521739661885e-05,2.2397235809300857e-05,23.173262525325097,17.800704329692042,0
29.99994,1563.8394108453858,0.3883993946584949,1000000.0,19.419969732924745,2.0724277062106232e-05,2.0453227269015167e-05,23.76579632840418,19.69236802181191,0
29.99994,2983.9269350818577,0.2712017823481727,1000000.0,13.560089117408635,2.7397168079117155e-05,2.71479073575736e-05,21.725257837411565,13.751441239705988,3
29.99994,1681.6901288055656,0.4407248074752196,1000000.0,22.036240373760982,1.822999890704473e-05,1.803449980403803e-05,24.503024459729208,22.25190688992214,0
29.99994,1025.606552010904,0.7967205163120912,1000000.0,39.83602581560456,5.435925849234995e-06,5.40726622514297e-06,28.35180525457642,39.88515904776159,2
29.99994,1503.7301745420248,0.6997687598203984,1000000.0,34.98843799101992,8.403952741010341e-06,8.357246287926027e-06,27.452651331440148,35.061108023059425,2
29.99994,2436.6941015949237,0.7217990579135989,1000000.0,36.08995289567994,7.703650633458769e-06,7.679372165264185e-06,27.659267364027475,36.12860137581792,2
29.99994,1172.4310602131225,0.4743396593508735,1000000.0,23.716982967543675,1.6742732962724047e-05,1.6507007025380223e-05,24.968604258664108,23.991948689333224,0
29.99994,2413.7150015431325,0.6174135899166828,1000000.0,30.870679495834143,1.1178207526759177e-05,1.1126678526206108e-05,26.608528385212377,30.9436745037464,2
29.99994,3944.811169384817,0.6551559971439616,1000000.0,32.75779985719808,9.874380540130266e-06,9.84972538365312e-06,26.997743703062525,32.79429812494173,1
29.99994,1583.7469225960135,0.648986846078222,1000000.0,32.4493423039111,1.0083575678766962e-05,1.0019780627423998e-05,26.945910864761164,32.54317601425647,2
29.99994,2853.341414484259,0.345881648358765,1000000.0,17.29408241793825,2.2944059398004784e-05,2.276103519319641e-05,23.06237647311373,17.46243044058618,3
29.99994,2066.953206278204,0.2554509613692448,1000000.0,12.772548068462244,2.84517076152164e-05,2.8065386259923955e-05,21.445610267975177,13.056960698970496,0
29.99994,1636.253365489475,0.2173103431411683,1000000.0,10.865517157058417,3.12240329381531e-05,3.0639353209455e-05,20.661065141758115,11.24862108853974,0
29.99994,1708.5381944302962,0.758465483066411,1000000.0,37.92327415332055,6.572838913731932e-06,6.547649750729677e-06,28.004216355977597,37.964890966375705,2
29.99994,1057.4834232568153,0.655596562111731,1000000.0,32.77982810558655,9.859497646959125e-06,9.768421300316863e-06,27.02252518766342,32.91487280014677,2
29.99994,3695.058163069895,0.653679811265704,1000000.0,32.6839905632852,9.924302913018995e-06,9.89771930858533e-06,26.98311515474319,32.723278381866216,1
29.99994,1436.8144937247775,0.5676412401583159,1000000.0,28.382062007915792,1.299234395263585e-05,1.2875913958655402e-05,26.075361425401837,28.53709802555065,2
29.99994,1918.6891996908007,0.7343116774827569,1000000.0,36.71558387413785,7.313010030127229e-06,7.285242608350236e-06,27.779398052974848,36.76036231672803,2
29.99994,1226.8827858248912,0.2682003677715967,1000000.0,13.410018388579836,2.7594506819965824e-05,2.6987515516813788e-05,21.77414527047516,13.875636819719626,0
29.99994,3712.814954276368,0.2060268233250288,1000000.0,10.301341166251444,3.211387972548232e-05,3.1838493645603015e-05,20.2955671368202,10.473533510590444,3
29.99994,3784.556050023497,0.2979207768466294,1000000.0,14.896038842331471,2.570889276987124e-05,2.5535427885571564e-05,22.216741580477784,15.03868676344621,3
29.99994,2918.9714337041514,0.7820947703425849,1000000.0,39.10473851712924,5.865655792352665e-06,5.853892430216047e-06,28.21567358727015,39.12462158369488,1
29.99994,1910.261729261537,0.3981211007858906,1000000.0,19.90605503929453,2.024255958861489e-05,2.0030303536626172e-05,23.894703482036338,20.123107261793944,0
29.99994,2034.0060301482397,0.4799230585209512,1000000.0,23.99615292604756,1.6503418529833367e-05,1.6370591625111502e-05,25.010183672666013,24.152160411099157,0
29.99994,3605.317053079921,0.7812185898643926,1000000.0,39.06092949321963,5.891590239938288e-06,5.881978268162703e-06,28.207113023864007,39.077161946230106,1
29.99994,1346.5668261701237,0.6798178010007478,1000000.0,33.99089005003739,9.052572022581284e-06,8.992120644906049e-06,27.259141627432637,34.08294895054272,2
29.99994,2653.800073661572,0.7833645325618395,1000000.0,39.16822662809197,5.828110191755952e-06,5.815338907178106e-06,28.22742470109211,39.18983997035955,1
29.99994,1680.159044424997,0.4390293106388346,1000000.0,21.95146553194173,1.8307239266141743e-05,1.8109911233924704e-05,24.48003905589975,22.16852945533436,0
29.99994,2393.0352006625526,0.7138210613458094,1000000.0,35.69105306729047,7.955380679873542e-06,7.929021525342282e-06,27.58317423907567,35.73266691424071,2
29.99994,3937.009227208815,0.5851791436624146,1000000.0,29.25895718312073,1.2339970381168624e-05,1.2301413428772251e-05,26.25046918691022,29.311412035188244,1
29.99994,3246.853685152571,0.5293983885669309,1000000.0,26.469919428346543,1.4469127908835313e-05,1.440493442832373e-05,25.609315986246923,26.550968962645232,1
29.99994,2984.1679438455712,0.3782336984424088,1000000.0,18.911684922120443,2.1237765997751008e-05,2.1087688854056906e-05,23.57241243728345,19.0591963618086,3
29.99994,1437.1579839698934,0.7736971620854425,1000000.0,38.68485810427213,6.115122543762115e-06,6.089212878047108e-06,28.14394791477124,38.72830887438303,2
29.99994,1364.8879008174813,0.3784881800736563,1000000.0,18.92440900368282,2.122478607339006e-05,2.0899782523446626e-05,23.629686286853467,19.24510492941806,0
29.99994,1466.4269112906,0.2797828641200153,1000000.0,13.989143206000763,2.684186716071932e-05,2.635937811181486e-05,21.96560155151883,14.370135569959952,0
29.99994,2999.3875352210143,0.7793183223003264,1000000.0,38.96591611501632,5.947912139120627e-06,5.936140521797252e-06,28.1906043689562,38.98576014138384,1
29.99994,3612.7777813016432,0.5617023039391316,1000000.0,28.08511519695658,1.3216685474773048e-05,1.3168510890796263e-05,25.986177880485297,28.1486834812519,1
29.99994,3758.3285151765,0.2736478655871823,1000000.0,13.682393279359117,2.723754945258768e-05,2.7041572394595207e-05,21.75766873412738,13.833685585552322,3
29.99994,2772.799885774584,0.7054404516573589,1000000.0,35.27202258286795,8.222097273968782e-06,8.197788626286502e-06,27.501254026707876,35.31005957731891,1
29.99994,1622.723174057074,0.4820795315226596,1000000.0,24.10397657613298,1.6411547147586125e-05,1.6247229427820236e-05,25.047784470400387,24.297731597298945,0
29.99994,1117.131791858443,0.536196765308181,1000000.0,26.80983826540905,1.420088216111431e-05,1.4022627737119508e-05,25.72584306572597,27.03752436560553,2
29.99994,1721.4490874448377,0.6393885068519436,1000000.0,31.96942534259718,1.0412039461838304e-05,1.0349441737303364e-05,26.84543015846993,32.060473264396954,2
29.99994,2936.4652529739114,0.529993176169054,1000000.0,26.499658808452697,1.4445556394557876e-05,1.4374841244887524e-05,25.618488388558283,26.589028087730675,1
29.99994,2762.256210636237,0.2540059262785612,1000000.0,12.70029631392806,2.855087446289877e-05,2.825878962588208e-05,21.38666092203114,12.913988502808118,3
29.99994,2678.118628975993,0.2598774224875237,1000000.0,12.993871124376188,2.815053287498524e-05,2.785771185321975e-05,21.50890942713862,13.21180097971822,3
29.99994,1656.5174161369137,0.2089403854301095,1000000.0,10.447019271505477,3.188067542360701e-05,3.1278698040106194e-05,20.46619283737563,10.830205745631234,0
29.99994,2397.3452428207247,0.5451249495312944,1000000.0,27.25624747656472,1.3852447496347006e-05,1.377286451465718e-05,25.801970895932488,27.35898516347004,2
29.99994,2772.8922982166814,0.4265810736977031,1000000.0,21.32905368488516,1.8881294367420228e-05,1.8753596592093403e-05,24.28384375872993,21.466348697507872,3
29.99994,1355.0177467750957,0.2721098417935938,1000000.0,13.605492089679691,2.733778732252144e-05,2.679714882738981e-05,21.832169037411585,14.024132320574015,0
29.99994,3780.40033726824,0.5838691017384581,1000000.0,29.193455086922903,1.2388190571086932e-05,1.2347727659828076e-05,26.236352609284403,29.248412297070352,1
29.99994,2620.427061559224,0.317926323682512,1000000.0,15.8963161841256,2.4517749575399982e-05,2.4290478275934136e-05,22.596202221495275,16.092750228826333,3
29.99994,3701.9084660530143,0.2073524198006943,1000000.0,10.367620990034718,3.2007473081182444e-05,3.173310205897883e-05,20.32769049242325,10.540000174660682,3
29.99994,1939.99984324276,0.7434861677114448,1000000.0,37.17430838557224,7.029745457684576e-06,7.0043645793011e-06,27.865009676229025,37.215619488907066,2
29.99994,1758.7210012601672,0.2627032401034266,1000000.0,13.135162005171331,2.79602718493493e-05,2.7522713783646333e-05,21.611016838744597,13.464470115618122,0
29.99994,2168.8032475020373,0.563321203192964,1000000.0,28.1660601596482,1.3155356352287924e-05,1.3076040731702836e-05,26.01436278497697,28.271003837339297,2
29.99994,3756.293992493808,0.680049332748995,1000000.0,34.00246663744975,9.044963398551918e-06,9.023235908984713e-06,27.249657694941455,34.03554148056379,1
29.99994,1945.220715152731,0.6279551835272572,1000000.0,31.39775917636286,1.080815998228882e-05,1.0748438817796967e-05,26.72381584833548,31.483451779456797,2
29.99994,1163.7960879917523,0.6450874436317118,1000000.0,32.25437218158559,1.0216574393684594e-05,1.0127667011604396e-05,26.91302709486298,32.38460873202062,2
29.99994,1396.5767796393127,0.3273688891302877,1000000.0,16.368444456514386,2.397498756308989e-05,2.357035603756491e-05,22.81569547975021,16.72720219533054,0
29.99994,3158.694219908066,0.5812661481161945,1000000.0,29.063307405809724,1.2484241722884108e-05,1.2435093971257652e-05,26.209723357560662,29.129847288180574,1
29.99994,3887.354203841533,0.5972082266700676,1000000.0,29.86041133350338,1.1900944172443431e-05,1.186462121669437e-05,26.383603453151554,29.91058473637784,1
29.99994,1798.5683687259116,0.3209848708334024,1000000.0,16.049243541670123,2.4340634751014263e-05,2.401562319039756e-05,22.679978051566824,16.33273740302771,0
29.99994,3858.1530399729686,0.6230762911400296,1000000.0,31.15381455700148,1.0978842655334796e-05,1.0947689675879178e-05,26.663084186792023,31.198232879382964,1
29.99994,1041.2608463896674,0.5279793134993767,1000000.0,26.39896567496883,1.4525446380273576e-05,1.4325606134201944e-05,25.633495250295244,26.65138439941173,2
29.99994,1602.7520000231816,0.5541757122451072,1000000.0,27.70878561225536,1.350357062357778e-05,1.3390750335191714e-05,25.91843929783356,27.856326623178163,2
29.99994,1230.8230875022946,0.5931159837752811,1000000.0,29.655799188764053,1.204954851642471e-05,1.1932729129432038e-05,26.362844161349116,29.81655814059245,2
29.99994,3474.382249926652,0.4013577092003653,1000000.0,20.067885460018264,2.008414162484247e-05,1.99687097678408e-05,23.91347726276212,20.18642376548792,3
29.99994,2337.046523742064,0.3628690179594187,1000000.0,18.143450897970936,2.203387676835369e-05,2.1828079744505773e-05,23.34674129387464,18.33975558199744,0
29.99994,3709.881805156256,0.461499816499644,1000000.0,23.0749908249822,1.730119608671063e-05,1.7220885732770136e-05,24.75101402865166,23.166501048874625,3
29.99994,2072.061845545328,0.2890371030026984,1000000.0,14.451855150134922,2.62571408197655e-05,2.592857426315091e-05,22.096910564591603,14.716844174031529,0
29.99994,2325.1630865436564,0.7060244164593508,1000000.0,35.30122082296754,8.20343553709662e-06,8.174594652488705e-06,27.50832354992144,35.34638105645068,2
29.99994,3482.9111235066466,0.5613148014422631,1000000.0,28.065740072113154,1.323138497830488e-05,1.3181309917571735e-05,25.98227673712413,28.13178413967617,1
29.99994,2499.2063914303794,0.346197006619919,1000000.0,17.30985033099595,2.292686030402166e-05,2.2718449062054704e-05,23.07535672588572,17.5017773303236,3
29.99994,3734.994432775527,0.33200674856067,1000000.0,16.6003374280335,2.371269224555998e-05,2.356309512217956e-05,22.81790860675967,16.733693307501866,3
29.99994,3363.597969415277,0.7412250312003332,1000000.0,37.061251560016665,7.099314086514491e-06,7.084361613402867e-06,27.840626580234805,37.08552921958035,1
29.99994,1276.239258699321,0.5909842390452417,1000000.0,29.549211952262084,1.212726481134595e-05,1.201311208452427e-05,26.338343436637,29.705870611028523,2
29.99994,3046.626002297806,0.2239659158145235,1000000.0,11.198295790726174,3.071529743106382e-05,3.040872451490342e-05,20.731360767857435,11.402489921697144,3
29.99994,1122.3846803585395,0.5288748263711636,1000000.0,26.443741318558175,1.4489893193036971e-05,1.4305214065162985e-05,25.63971075293832,26.67724306723878,2
29.99994,2780.757989812132,0.3375316262032261,1000000.0,16.876581310161303,2.340379398916821e-05,2.3208463756707477e-05,22.92600024695556,17.05303293475402,3
29.99994,1021.8160865977228,0.3157723317650946,1000000.0,15.788616588254731,2.464325167937755e-05,2.4062923489719467e-05,22.665560920333505,16.291247629479365,0
29.99994,3705.709758388256,0.7635508797626476,1000000.0,38.17754398813238,6.419260797977053e-06,6.408160184561015e-06,28.0467327757458,38.19597200637623,1
29.99994,1842.498426506099,0.2277596286456915,1000000.0,11.38798143228458,3.0430370765548886e-05,2.99359539642921e-05,20.875461231683765,11.722838415888612,0
29.99994,2752.6591973215754,0.2580043177651424,1000000.0,12.90021588825712,2.8277504968832374e-05,2.7989969734174298e-05,21.46859722502367,13.113032352473352,3
29.99994,1264.41019105825,0.6672884435868622,1000000.0,33.36442217934311,9.467242921980756e-06,9.39688396424041e-06,27.13576976769952,33.47010256274663,2
29.99994,2852.522567312956,0.6341189727431318,1000000.0,31.705948637156588,1.0593942792220034e-05,1.0554743680521743e-05,26.78285412617697,31.76258816008629,1
29.99994,1995.0225412003304,0.2717522116870352,1000000.0,13.587610584351758,2.736115607203493e-05,2.699098256707247e-05,21.773088513556303,13.872943330243734,0
29.99994,3312.883902278922,0.6106689988595304,1000000.0,30.53344994297652,1.141745961444324e-05,1.1378245845937853e-05,26.53185066615814,30.58853212646431,1
29.99994,1979.7155750654624,0.6577467308588958,1000000.0,32.88733654294479,9.786969424602609e-06,9.73882433889594e-06,27.03154634150452,32.95884779540677,2
29.99994,2056.697286351215,0.3079545044065255,1000000.0,15.397725220326278,2.51042221522761e-05,2.4801493017295377e-05,22.44044492832837,15.653602942876502,0
29.99994,1451.4282428156612,0.3130535964692389,1000000.0,15.652679823461948,2.4802578466950777e-05,2.438586321501289e-05,22.567128892064066,16.010087200092514,0
29.99994,1058.8511805997323,0.261461772853948,1000000.0,13.0730886426974,2.804366928694049e-05,2.7320096636690755e-05,21.67277454513665,13.619040537504516,0
29.99994,2505.1686044785074,0.787034248929418,1000000.0,39.3517124464709,5.71985630845921e-06,5.706826356432123e-06,28.260499326559486,39.37384105844678,2
29.99994,1680.0445261157408,0.4601908966231199,1000000.0,23.009544831156,1.735877881983148e-05,1.7181256364655592e-05,24.763093060052974,23.211757183238543,0
29.99994,3050.0695283796445,0.2108020617794005,1000000.0,10.540103088970024,3.173293926188749e-05,3.1406189106816954e-05,20.427333560242197,10.74818621819534,3
29.99994,1508.9927970477706,0.4041141970943261,1000000.0,20.205709854716307,1.994997721245198e-05,1.96896655791602e-05,23.99852993147197,20.475146427787173,0
29.99994,2882.39458954203,0.2089081544437545,1000000.0,10.445407722187728,3.188324184140875e-05,3.153442777180606e-05,20.388246415153507,10.66615659256962,3
29.99994,2390.787408025959,0.4889676332823588,1000000.0,24.448381664117942,1.6120145488393365e-05,1.6012181603287955e-05,25.119427047317828,24.5769155388735,0
29.99994,3017.7094249205443,0.2951380942426518,1000000.0,14.756904712132592,2.5879289139833896e-05,2.5659240483690195e-05,22.179003500571227,14.936766010178273,3
29.99994,1005.3365341159792,0.4059933466126271,1000000.0,20.299667330631355,1.9858907750695035e-05,1.9474223815373848e-05,24.064196581074047,20.700170689339032,0
29.99994,2192.9368365264963,0.3525093187999765,1000000.0,17.625465939998826,2.258504370724523e-05,2.2354811632442e-05,23.18619341443168,17.840469411196995,0
29.99994,2355.526108216377,0.4505773496584784,1000000.0,22.52886748292392,1.778551184646125e-05,1.765222786092536e-05,24.61954094798995,22.67818341134071,0
29.99994,1892.9252178840493,0.4503290474602499,1000000.0,22.5164523730125,1.779662375728568e-05,1.763086450847408e-05,24.6260524978171,22.70218527509077,0
29.99994,3398.7268205987607,0.6017310486449219,1000000.0,30.08655243224609,1.1737589754694808e-05,1.1697193199659287e-05,26.43463551274385,30.14267328744768,1
29.99994,3694.5609742070696,0.3560362191620988,1000000.0,17.80181095810494,2.2396054219500838e-05,2.2261109628867476e-05,23.214753785121196,17.928534343742136,3
29.99994,2064.073748624581,0.5181860284611882,1000000.0,25.90930142305941,1.4917237333031008e-05,1.481020273251903e-05,25.4857902071282,26.04239218877001,2
29.99994,1010.7866289111508,0.2311144300806126,1000000.0,11.555721504030632,3.0181359097820145e-05,2.9306294304777035e-05,21.06738149590396,12.15991946405173,0
29.99994,2816.598845026361,0.3421565193495964,1000000.0,17.107825967479823,2.3148116931832987e-05,2.295942571227436e-05,23.00190704289877,17.280003888238543,3
29.99994,3699.3805195232662,0.6749585936922669,1000000.0,33.74792968461334,9.21270613726019e-06,9.189820382687742e-06,27.198882747356777,33.78257262675902,1
29.99994,3970.5938660632446,0.4677416483221538,1000000.0,23.38708241610769,1.702827452804247e-05,1.69555589789811e-05,24.83188562320656,23.470765622393927,3
29.99994,1437.1409714395445,0.7053015783142329,1000000.0,35.26507891571165,8.226536948323424e-06,8.179714316868526e-06,27.50676307621847,35.338361315830866,2
29.99994,2541.9630076934864,0.3223275571683133,1000000.0,16.116377858415667,2.426328187679272e-05,2.403387621220837e-05,22.674414530518888,16.31671726436084,3
29.99994,1659.34650496842,0.5722569206455091,1000000.0,28.612846032275456,1.2819200654992685e-05,1.272092576221123e-05,26.12260182767801,28.744461890563414,2
29.99994,3444.1126071433155,0.4657369949946265,1000000.0,23.286849749731324,1.7115627836134066e-05,1.7030991777389216e-05,24.80889370625177,23.383959668750027,3
29.99994,3496.3248701761795,0.3656834182464861,1000000.0,18.284170912324303,2.1886183873854456e-05,2.1750033700598437e-05,23.370529728057598,18.414616789895955,3
29.99994,1056.442912334729,0.3587291680839147,1000000.0,17.936458404195736,2.2252695287018748e-05,2.1793638585537727e-05,23.357238959128097,18.37276310146867,0
29.99994,1561.25244449081,0.2618867553252365,1000000.0,13.094337766261823,2.8015087080359737e-05,2.7521246308728147e-05,21.61146412509966,13.46558485460157,0
29.99994,2559.819395059864,0.7592174902495141,1000000.0,37.960874512475705,6.550079862955146e-06,6.533362259885783e-06,28.00857118318681,37.98851156792218,1
29.99994,2248.494498314088,0.5458540290693943,1000000.0,27.292701453469714,1.3824183693555232e-05,1.37397092752016e-05,25.81207661291855,27.40187252847126,2
29.99994,1699.4016599666757,0.6779560295755412,1000000.0,33.89780147877706,9.113824532943288e-06,9.06520817659718e-06,27.236864547773177,33.9716705637528,2
29.99994,2629.9126618265527,0.7399115971393049,1000000.0,36.99557985696524,7.139797762153123e-06,7.1204668186601e-06,27.8296217136724,37.02692717925035,1
29.99994,1482.3721331972702,0.2963885233390071,1000000.0,14.81942616695036,2.5802571240024407e-05,2.536112856058036e-05,22.269868014735103,15.183050354736269,0
29.99994,3774.4042235978,0.7326905433841508,1000000.0,36.63452716920754,7.363338520897829e-06,7.349001639192979e-06,27.75996430037398,36.65760379333629,1
29.99994,1573.3193219842242,0.7347722573334707,1000000.0,36.738612866673535,7.298726422361865e-06,7.265023525294362e-06,27.78556082949028,36.79299388003245,2
29.99994,1190.4906511799625,0.5991137915659103,1000000.0,29.955689578295512,1.1832006622945024e-05,1.1715568344237674e-05,26.42903476867636,30.11713591948323,2
29.99994,2662.5387235062267,0.357285180145478,1000000.0,17.8642590072739,2.2329465118440977e-05,2.2143755810778063e-05,23.250523228874844,18.03928759903465,3
29.99994,3815.566123613328,0.3162311886505535,1000000.0,15.811559432527677,2.4616462734483973e-05,2.4458665488146647e-05,22.5449387592129,15.947209496782136,3
29.99994,2562.159683000734,0.2385753395165384,1000000.0,11.928766975826925,2.963713803582154e-05,2.929823803261718e-05,21.06983704765828,12.165589752493336,3
29.99994,1021.629636276288,0.6696183565383118,1000000.0,33.480917826915594,9.389692875274144e-06,9.304179122234688e-06,27.164026203542868,33.60972993209585,2
29.99994,3242.278388475891,0.5812689606323913,1000000.0,29.063448031619565,1.2484137764767496e-05,1.243625295152132e-05,26.2093701003763,29.12827686034288,1
29.99994,3074.549508652317,0.3283721405294379,1000000.0,16.418607026471896,2.391801330787931e-05,2.3733382887666296e-05,22.76600489583931,16.581956039641433,3
29.99994,3563.605551046707,0.2590330383363005,1000000.0,12.951651916815027,2.8207685862153624e-05,2.798616166553846e-05,21.46975792434388,13.115868405886465,3
29.99994,2544.7639623215982,0.3265131341308294,1000000.0,16.32565670654147,2.4023689136056644e-05,2.3799015975790403e-05,22.745999930579085,16.52374916913699,3
29.99994,3009.0939168804034,0.6336729536612039,1000000.0,31.683647683060197,1.0609391259371552e-05,1.057211634478275e-05,26.777558938110214,31.73747672048945,1
29.99994,2439.2401193171554,0.4227063068373335,1000000.0,21.13531534186668,1.906254289194796e-05,1.891472523422277e-05,24.234731748608898,21.293219329438067,0
29.99994,3477.167954255143,0.7722701151427434,1000000.0,38.61350575713717,6.157717291096324e-06,6.146831865554061e-06,28.12638564737912,38.631731018284334,1
29.99994,1736.9559559435288,0.2864622865707941,1000000.0,14.323114328539708,2.6418402972164145e-05,2.602260952531556e-05,22.068248616683817,14.64063561505946,0
29.99994,2503.2741549225257,0.252890052217864,1000000.0,12.644502610893198,2.8627742260366864e-05,2.830405372099737e-05,21.37286442584,12.880697571719324,3
29.99994,2851.1166280049274,0.2221246017593632,1000000.0,11.106230087968164,3.085489574470201e-05,3.052455778557541e-05,20.69605478695661,11.325013316361924,3
29.99994,1258.4728187517312,0.4907427657893667,1000000.0,24.537138289468334,1.6045547738246828e-05,1.5843542330565334e-05,25.170828297643684,24.778698329177697,0
29.99994,1263.088952495605,0.5313224059383654,1000000.0,26.56612029691827,1.439295046105648e-05,1.4230790024579868e-05,25.66239520050805,26.771778003636832,2
29.99994,3887.600644943882,0.7901903757266637,1000000.0,39.50951878633319,5.627055322531106e-06,5.618922288955737e-06,28.28729248632629,39.52337144179487,1
29.99994,1446.1299500258938,0.6935201062660311,1000000.0,34.67600531330156,8.60559214793696e-06,8.554685152081224e-06,27.39247196564564,34.75468552760345,2
29.99994,3114.871664112136,0.5883242494048999,1000000.0,29.416212470245,1.222453455896477e-05,1.2176746056248789e-05,26.28846780205537,29.481498715576976,1
29.99994,1071.4391498703244,0.301333468871112,1000000.0,15.0666734435556,2.5501540035047563e-05,2.4908683420151423e-05,22.407773293537847,15.562639866192171,0
29.99994,3481.49692642488,0.3066335623601831,1000000.0,15.331678118009156,2.5182974596066668e-05,2.500212483863044e-05,22.37929234918544,15.483668281504576,3
29.99994,1373.1796875064638,0.2248406153652688,1000000.0,11.24203076826344,3.064928392231354e-05,2.9980129328649245e-05,20.861996580627707,11.692622790220785,0
29.99994,3165.0688664647564,0.2420242184626297,1000000.0,12.10121092313149,2.9389872694064e-05,2.9119478023948228e-05,21.12432309830058,12.291918316277492,3
29.99994,2193.476657116685,0.6690559600016979,1000000.0,33.4527980000849,9.408393425491574e-06,9.36821072652276e-06,27.14450937055586,33.51324219021679,2
29.99994,2438.995140851338,0.532747926298513,1000000.0,26.63739631492565,1.4336643281626876e-05,1.4252863606201823e-05,25.655667172829684,26.74371352414364,2
29.99994,3255.5683962385456,0.2806490023823929,1000000.0,14.032450119119646,2.6786530459762928e-05,2.6567931852940855e-05,21.902034371223625,14.204510904225613,3
29.99994,1102.3215042518489,0.2762499073941778,1000000.0,13.812495369708891,2.706892410592865e-05,2.642014345943604e-05,21.94708027356389,14.321729550179246,0
29.99994,3677.98795114942,0.4603051666232181,1000000.0,23.015258331160904,1.7353746900078937e-05,1.7272251721532673e-05,24.73535767527684,23.10794038905314,3
29.99994,3949.25604108236,0.2115128359565224,1000000.0,10.575641797826124,3.167679278143069e-05,3.1424736481364e-05,20.42168032048025,10.736292966552565,3
29.99994,2174.99992651147,0.5159349990385698,1000000.0,25.79674995192849,1.5008076056765972e-05,1.4905226045870336e-05,25.45682710121872,25.92421123258064,2
29.99994,1190.709672689859,0.5863196666224757,1000000.0,29.315983331123785,1.2298055748680796e-05,1.2172335712456284e-05,26.28981207484333,29.487529377646915,2
29.99994,3509.8747973970603,0.7178298399688794,1000000.0,35.89149199844397,7.828629240640582e-06,7.811206670186429e-06,27.619084206927177,35.91910910713275,1
29.99994,1077.9593220737004,0.450272340720279,1000000.0,22.51361703601395,1.779916211690876e-05,1.751003802922441e-05,24.6628804086924,22.838293395852624,0
29.99994,2019.4383025954523,0.7994743927645713,1000000.0,39.973719638228566,5.355675261229937e-06,5.34150924838249e-06,28.371847981093016,39.99806267617642,2
29.99994,2646.417977121895,0.6716128285626739,1000000.0,33.580641428133696,9.32346842591068e-06,9.290736676502365e-06,27.168123461002075,33.630012474200065,1
29.99994,1738.3471529225449,0.4543682559127214,1000000.0,22.71841279563607,1.7616430466255525e-05,1.7439696378311915e-05,24.684320543890525,22.91781289524941,0
29.99994,1371.258878064291,0.3171597547217565,1000000.0,15.857987736087823,2.456234033318657e-05,2.413011552194897e-05,22.64508078890995,16.232445652084696,0
29.99994,1666.6253793525534,0.3540039590380874,1000000.0,17.70019795190437,2.2504780820066614e-05,2.220494296760208e-05,23.231873383474884,17.98147808666288,0
29.99994,3204.9478391428747,0.2332825058911182,1000000.0,11.66412529455591,3.0021871302626094e-05,2.974325578619601e-05,20.934195636367456,11.855327989485428,3
29.99994,2415.895351018968,0.6141890401250728,1000000.0,30.70945200625364,1.1292346697206654e-05,1.1239809724458355e-05,26.574045995985088,30.783584555221942,2
29.99994,3279.5307935823093,0.7141646814696743,1000000.0,35.70823407348372,7.94449504856498e-06,7.925296424686361e-06,27.5843096497556,35.7385507558052,1
29.99994,1946.4480246589276,0.4782201873348628,1000000.0,23.91100936674314,1.6576184310665436e-05,1.6436211566037198e-05,24.99018271467186,24.07499389529773,0
29.99994,3857.413775389288,0.3406785345738733,1000000.0,17.033926728693665,2.322954075279567e-05,2.3090488662813272e-05,22.961959055574518,17.160273787478083,3
29.99994,3887.8836668191775,0.4501036264457949,1000000.0,22.505181322289747,1.780671567963781e-05,1.772553179350176e-05,24.597197909340665,22.595970639435205,3
29.99994,2151.643438393483,0.7570479340811449,1000000.0,37.85239670405724,6.61578625153913e-06,6.595506654340488e-06,27.989629571757018,37.88585241969388,2
29.99994,2563.7161518987978,0.205401261338214,1000000.0,10.2700630669107,3.2164272474246113e-05,3.176574085696355e-05,20.317742186797503,10.519382349033393,3
29.99994,1283.6214194874035,0.4452128358389826,1000000.0,22.260641791949134,1.802661171828259e-05,1.7776959952020764e-05,24.58152260662407,22.538425834621677,0
29.99994,3595.979688589516,0.4521666377148925,1000000.0,22.608331885744622,1.771449728825289e-05,1.7627659997094756e-05,24.62702923288552,22.70578720678423,3
29.99994,1742.1143374694834,0.6700604210039194,1000000.0,33.50302105019597,9.375001818484786e-06,9.32482129090457e-06,27.157734470532287,33.57860200013316,2
29.99994,1917.455142033748,0.2485484224453683,1000000.0,12.427421122268417,2.8929261200297743e-05,2.8499283364365395e-05,21.313358430541427,12.73784659505226,0
29.99994,1554.8386481461482,0.6386136980801558,1000000.0,31.93068490400779,1.0438715036884138e-05,1.0369100044561187e-05,26.839438306417748,32.03185948456863,2
29.99994,3270.8369066653163,0.4771723142601295,1000000.0,23.85861571300648,1.6621057852880586e-05,1.6537023450880473e-05,24.95945525217163,23.95680345234247,3
29.99994,3459.846700058267,0.2869956555911799,1000000.0,14.349782779558996,2.6384908771401417e-05,2.6185219396458003e-05,22.0186851279596,14.509551349483008,3
29.99994,2653.268946886877,0.2933111403982115,1000000.0,14.665557019910574,2.5991818193989295e-05,2.5739668563078324e-05,22.154489021973728,14.8708369181685,3
29.99994,3277.968484710761,0.2500852988690606,1000000.0,12.50426494345303,2.88220792770284e-05,2.8570865225888277e-05,21.291540279149253,12.685768493951135,3
29.99994,2914.281570053273,0.4035489252493812,1000000.0,20.17744626246906,1.997743418439289e-05,1.9841421011726335e-05,23.95227487562581,20.317746046437566,3
29.99994,2506.011778236244,0.4360798013614527,1000000.0,21.80399006807264,1.844214242533453e-05,1.830741522177869e-05,24.419839840401856,21.951272692234785,3
29.99994,2078.114204653564,0.2694108280819183,1000000.0,13.470541404095917,2.7514722465382496e-05,2.715518145481e-05,21.723040692573907,13.745828552347628,0
29.99994,3068.5508073842693,0.3507048127253366,1000000.0,17.53524063626683,2.268228734809342e-05,2.251585339000136e-05,23.137107886727584,17.689874282636485,3
29.99994,1457.2590195393104,0.4952843170571088,1000000.0,24.764215852855443,1.5855611631093523e-05,1.568495252902736e-05,25.21916646915246,24.969587821024312,0
29.99994,1349.7773109102102,0.6917677233568792,1000000.0,34.58838616784396,8.662384790347473e-06,8.607147218526262e-06,27.376481527793192,34.67360395097114,2
29.99994,1433.2272711574376,0.4327409676012896,1000000.0,21.63704838006448,1.859568063864188e-05,1.835749778171255e-05,24.40457467613401,21.89643601630679,0
29.99994,1705.062594193634,0.7244139051284797,1000000.0,36.22069525642399,7.621598406968187e-06,7.587681609856341e-06,27.687214645315784,36.2748420579162,2
29.99994,1144.9076300185293,0.322034722561362,1000000.0,16.101736128068104,2.4280131599821997e-05,2.3775914219297357e-05,22.753041345958167,16.544219514782025,0
29.99994,3988.6723874008376,0.3545846905450841,1000000.0,17.729234527254206,2.2473663818764395e-05,2.2347748292630592e-05,23.1883463204062,17.847096493511014,3
29.99994,3619.532607311431,0.5176164244034624,1000000.0,25.88082122017312,1.4940195294925948e-05,1.4878780765894265e-05,25.464887622555427,25.95706087644569,1
29.99994,2017.407656461636,0.3700854213467877,1000000.0,18.504271067339385,2.1656877762120303e-05,2.1426860346520474e-05,23.46903296638056,18.727044386790904,0
29.99994,3441.531697381914,0.2705663506207708,1000000.0,13.528317531038542,2.7438809626858605e-05,2.7221774551980384e-05,21.70274311655638,13.694525201296967,3
29.99994,1115.1293376732683,0.6586252587531001,1000000.0,32.931262937655006,9.757386605889997e-06,9.672750000868446e-06,27.051685799735296,33.05717964820653,2
29.99994,1262.7557876082328,0.325896346070025,1000000.0,16.29481730350125,2.405885034305116e-05,2.3609035534641087e-05,22.803905969041395,16.692655323019814,0
29.99994,2160.9113420766043,0.7403224560894568,1000000.0,37.01612280447284,7.127128162407628e-06,7.103698709221872e-06,27.834732633429173,37.05413470559439,2
29.99994,2472.345550861962,0.7258836490799596,1000000.0,36.29418245399798,7.575576260303875e-06,7.552434655093925e-06,27.69795791712737,36.33117670575791,2
29.99994,2483.9749337280214,0.2707012393911311,1000000.0,13.535061969556558,2.7429963875800543e-05,2.713036944602716e-05,21.730603392850924,13.764980545369433,3
29.99994,3797.211468798712,0.5076092492870425,1000000.0,25.380462464352128,1.5346660968909266e-05,1.528488617233482e-05,25.341106694672344,25.45603559364728,1
29.99994,2841.8518748337256,0.5183889808576334,1000000.0,25.91944904288167,1.4909061884935557e-05,1.4831253439912446e-05,25.479373951514685,26.01617655203396,1
29.99994,2795.9866095161437,0.5172125868807559,1000000.0,25.860629344037797,1.49564834976429e-05,1.4876902947196598e-05,25.46545998169448,25.959394640824808,1
29.99994,3223.4286787331826,0.6473917089636576,1000000.0,32.36958544818288,1.0137909120240375e-05,1.010612464989227e-05,26.919593206712836,32.41622446870408,1
29.99994,3888.562242100304,0.5874977166576552,1000000.0,29.37488583288276,1.2254826134594783e-05,1.2216326312387763e-05,26.276403739984207,29.427418442944337,1
29.99994,2577.377827492555,0.2426721335665991,1000000.0,12.133606678329958,2.9343716085637317e-05,2.901339554340842e-05,21.15665703836911,12.367349771500306,3
29.99994,3437.2757768484166,0.3564852875328594,1000000.0,17.824264376642972,2.237209172915602e-05,2.222742079519084e-05,23.225022141625832,17.960276013622135,3
29.99994,3331.8336010640337,0.5642574437744403,1000000.0,28.212872188722017,1.3119948847392265e-05,1.3068488324790166e-05,26.016664758603955,28.281011807847644,1
29.99994,3391.18975555629,0.4778162876702371,1000000.0,23.890814383511856,1.6593471945959572e-05,1.651267358149812e-05,24.96687709235937,23.985310947711344,3
29.99994,1284.9044147508523,0.5298316947900243,1000000.0,26.491584739501217,1.4451953960933976e-05,1.4291213629552817e-05,25.643978085712305,26.695007557398064,2
29.99994,3677.322861415123,0.3992447587741837,1000000.0,19.962237938709187,2.018745230124564e-05,2.0077234020338272e-05,23.88039907060089,20.074964236229896,3
29.99994,1947.0377007770396,0.7105300014892222,1000000.0,35.52650007446111,8.059838614417635e-06,8.026612139941749e-06,27.553428619745755,35.5787800254818,2
29.99994,2386.39752577588,0.2638086198796954,1000000.0,13.19043099398477,2.7886264688530737e-05,2.756416346689713e-05,21.598382975289752,13.433012240658057,0
29.99994,1514.216400751637,0.6597201273124906,1000000.0,32.98600636562453,9.72056030677502e-06,9.658556893843802e-06,27.056011858756406,33.07833051017796,2
29.99994,1275.2700681378335,0.6934057486880771,1000000.0,34.67028743440386,8.609295056132286e-06,8.551563805449081e-06,27.39342335209912,34.759514133024474,2
29.99994,2743.815932083362,0.7947127766675917,1000000.0,39.73563883337958,5.494564523798294e-06,5.483583501704413e-06,28.32854374868049,39.75442343374793,1
29.99994,2570.9040511436665,0.3303345851168707,1000000.0,16.516729255843536,2.380694322359904e-05,2.3588510208561128e-05,22.81016208843057,16.710980995434923,3
29.99994,3369.3100176083663,0.5015009450860609,1000000.0,25.075047254303044,1.5597727095268186e-05,1.552585243607869e-05,25.26766017748321,25.162197666441557,1
29.99994,1356.1756115891742,0.2276213535939206,1000000.0,11.381067679696033,3.04406931635519e-05,2.9772421921463224e-05,20.92530579833801,11.835203054490956,0
29.99994,1959.831110353905,0.2558680920399047,1000000.0,12.793404601995237,2.842315991459929e-05,2.801683561714322e-05,21.460408503894744,13.093037092682245,0
29.99994,3359.682742528714,0.438821175961498,1000000.0,21.941058798074906,1.831673649629382e-05,1.8217416517721326e-05,24.44727144539853,22.050073346526723,3
29.99994,1874.8160494596875,0.7433007410982273,1000000.0,37.165037054911366,7.0354445205822015e-06,7.009141977708588e-06,27.86355352519442,37.2078409428753,2
29.99994,2286.025124823752,0.5294315472873028,1000000.0,26.47157736436514,1.4467813301556002e-05,1.4376825140601568e-05,25.61788369714464,26.586517777599877,2
29.99994,1053.1709607001,0.5521075722084708,1000000.0,27.605378610423543,1.3582911764294656e-05,1.3409961380181782e-05,25.91258377132059,27.83116180683264,2
29.99994,2441.523105901428,0.4855918767069638,1000000.0,24.27959383534819,1.626256973085829e-05,1.615496426433079e-05,25.075906892231973,24.40703670603129,0
29.99994,2639.4137266738885,0.6207431146051796,1000000.0,31.03715573025898,1.1060820758822046e-05,1.1014662324296694e-05,26.642670923554363,31.102801046900947,1
29.99994,3271.0470529895897,0.2626009211018754,1000000.0,13.130046055093771,2.79671340923867e-05,2.7730044906046045e-05,21.54782231263717,13.307669370762246,3
29.99994,1104.2511167079383,0.4167426995106776,1000000.0,20.83713497553388,1.9343950622511743e-05,1.901092279374492e-05,24.205410732466547,21.19035758719277,0
29.99994,2121.064856858197,0.4036825086188383,1000000.0,20.184125430941915,1.9970943032430564e-05,1.978466003537607e-05,23.96957562121737,20.37651176899593,0
29.99994,2945.20940471038,0.6858952184921026,1000000.0,34.29476092460513,8.853495844511729e-06,8.82696140996937e-06,27.30948216224133,34.33541655668184,1
29.99994,1837.345286866689,0.6007639715567294,1000000.0,30.03819857783647,1.177244086507804e-05,1.1697491411161027e-05,26.43454461787812,30.142258710124125,2
29.99994,1427.6139272090977,0.4311393598132084,1000000.0,21.55696799066042,1.8669646997333076e-05,1.842864604480806e-05,24.3828886855425,21.81871069439656,0
29.99994,3780.153481087868,0.6566756930562949,1000000.0,32.83378465281474,9.823074775653813e-06,9.797614776990018e-06,27.01362701597344,32.87154042383975,1
29.99994,1979.9418756217085,0.2793772233528383,1000000.0,13.968861167641917,2.686782732588149e-05,2.6508112030428677e-05,21.920267453125337,14.251870084780084,0
29.99994,3423.44902231545,0.3301907682677434,1000000.0,16.50953841338717,2.3815066113820695e-05,2.3650542201681413e-05,22.791254736927502,16.655642895172452,3
29.99994,2948.709519674747,0.7028237134509057,1000000.0,35.141185672545284,8.305862822379929e-06,8.282532758683765e-06,27.475424015153187,35.17758923980811,1
29.99994,2283.4762899817965,0.2720385798674427,1000000.0,13.601928993372136,2.734244197709342e-05,2.7018916326668655e-05,21.76457430363139,13.851256395662888,0
29.99994,1843.0781738165792,0.2545996802452525,1000000.0,12.729984012262625,2.8510076476863917e-05,2.8075779851743944e-05,21.442442301188446,13.049247259676331,0
29.99994,1682.036749758153,0.4360440256190491,1000000.0,21.802201280952456,1.8443782913002365e-05,1.8243737618977384e-05,24.43924877373569,22.021143583964797,0
29.99994,3270.151188375101,0.381889626764871,1000000.0,19.09448133824355,2.1051919340361165e-05,2.091726240992921e-05,23.62435841745357,19.227753749874587,3
29.99994,2584.70206053909,0.5431954194030054,1000000.0,27.15977097015027,1.3927385517989049e-05,1.3852741529150624e-05,25.777624381914887,27.25586843211921,1
29.99994,3274.3831664130576,0.4410067614508569,1000000.0,22.050338072542843,1.821717578225856e-05,1.81163844747838e-05,24.478066012085897,22.16138335689685,3
29.99994,3758.7121618498495,0.5012254265189173,1000000.0,25.061271325945867,1.560910551576885e-05,1.5544552406019276e-05,25.261960426645324,25.13950150285912,1
29.99994,3198.499847027548,0.4060748314832014,1000000.0,20.30374157416007,1.9854965896641383e-05,1.973247484339465e-05,23.98548166773331,20.43065248594812,3
29.99994,2470.392343176689,0.5682750992025494,1000000.0,28.41375496012747,1.296850424692493e-05,1.290078066073044e-05,26.06778205460936,28.5039327770972,2
29.99994,1746.9934415583689,0.6339144508297652,1000000.0,31.69572254148826,1.060102567007774e-05,1.0537085012916444e-05,26.788236488063063,31.788128273814166,2
29.99994,2419.834694083047,0.6433602345603395,1000000.0,32.16801172801698,1.0275677855535768e-05,1.02322273371519e-05,26.8811571076361,32.231483597491696,2
29.99994,1179.9851284836818,0.7099527838666275,1000000.0,35.49763919333137,8.078196833364577e-06,8.023269404255387e-06,27.554447485582955,35.58404282086259,2
29.99994,3831.9454681574816,0.317725539428122,1000000.0,15.8862769714061,2.452942124801691e-05,2.437339987512644e-05,22.57092771806146,16.02087012148733,3
29.99994,1867.8157928932517,0.5660454609137067,1000000.0,28.30227304568533,1.3052450411177984e-05,1.2961871784874554e-05,26.049161479970238,28.42257699713409,2
29.99994,2376.1977348919145,0.38634779059575,1000000.0,19.317389529787494,2.082708866738618e-05,2.0646127828726582e-05,23.70700023780413,19.498215949904544,0
29.99994,1427.902412250888,0.5520246728606406,1000000.0,27.60123364303203,1.3586096718729136e-05,1.3458047120760018e-05,25.897927237592345,27.768248371807587,2
29.99994,1105.9794953435166,0.7837471047683964,1000000.0,39.18735523841982,5.8168068619739305e-06,5.786373911259499e-06,28.236253231848103,39.23889170843178,2
29.99994,2695.8354786079108,0.6463843983474342,1000000.0,32.31921991737171,1.01722718022039e-05,1.0134032771439028e-05,26.91108681126538,32.37527072182768,1
29.99994,1318.8887032819302,0.532444282570905,1000000.0,26.62221412854525,1.4348627542798368e-05,1.4194204089747743e-05,25.67354659344489,26.81834221001214,2
29.99994,2542.160769017175,0.6316550960967613,1000000.0,31.582754804838064,1.0679384536192995e-05,1.063470909738296e-05,26.75848066711767,31.64712503589513,1
29.99994,3209.8320198953616,0.715072159872882,1000000.0,35.753607993644096,7.915765677838218e-06,7.896292633198928e-06,27.593150005400965,35.784387453135444,1
29.99994,1445.3264907681166,0.4842725966974902,1000000.0,24.21362983487451,1.6318432414846858e-05,1.613624641860775e-05,25.08161209160836,24.429256367322957,0
29.99994,3254.1867697896146,0.4738987476258069,1000000.0,23.694937381290348,1.6761721059703415e-05,1.6675826924204403e-05,24.917147953502496,23.79478492552257,3
29.99994,1425.6367974760144,0.4934086351155188,1000000.0,24.670431755775944,1.5933897141827744e-05,1.5757777386428825e-05,25.196969452616493,24.881794430003755,0
29.99994,3474.359896011967,0.5833998573694967,1000000.0,29.16999286847484,1.2405482315652184e-05,1.2361345135548092e-05,26.23220200268494,29.229908223742655,1
29.99994,2046.1779060802453,0.6585669189401135,1000000.0,32.928345947005674,9.759350174607238e-06,9.713023412668936e-06,27.03941046381851,32.997218599199684,2
29.99994,2086.8338609665625,0.7027542571866225,1000000.0,35.137712859331124,8.308089401559234e-06,8.275144450267426e-06,27.47767597155849,35.18912364048786,2
29.99994,3055.277629498993,0.3962879391521257,1000000.0,19.814396957606284,2.0332713808746623e-05,2.019829520408561e-05,23.843499621794702,19.951174012463905,3
29.99994,2342.5353568671308,0.5950740015039164,1000000.0,29.753700075195823,1.1978350090713683e-05,1.191741144742964e-05,26.36751299082345,29.83768566529546,2
29.99994,3669.044050900904,0.723391768310162,1000000.0,36.1695884155081,7.65364591779184e-06,7.637713605519985e-06,27.671964893037508,36.19498924471205,1
29.99994,3964.812621664977,0.4552771495711632,1000000.0,22.76385747855816,1.7576049472800093e-05,1.7498478562328902e-05,24.66640373420215,22.85134685679165,3
29.99994,3004.7725476639703,0.349621393903214,1000000.0,17.481069695160702,2.274085249659622e-05,2.257003694471641e-05,23.12059273925044,17.639420573519654,3
29.99994,3277.065789554527,0.2814106209118892,1000000.0,14.07053104559446,2.6737977152932592e-05,2.652158433038211e-05,21.916161096099533,14.2411937873027,3
29.99994,2441.762539640279,0.4132786273657892,1000000.0,20.66393136828946,1.95088008585685e-05,1.9354168045567826e-05,24.100789579710927,20.826368271370697,0
29.99994,1993.101835249784,0.5564917787295365,1000000.0,27.824588936476825,1.3414981313651636e-05,1.3325292693969973e-05,25.93839078687795,27.94219865507854,2
29.99994,3112.8886823202915,0.273721336147765,1000000.0,13.68606680738825,2.7232771729049293e-05,2.699659492286552e-05,21.771377867510587,13.868584022377922,3
29.99994,2182.8396748857585,0.2806764602880475,1000000.0,14.033823014402374,2.678477829767025e-05,2.6460096722291344e-05,21.934902519045597,14.289969261501245,0
29.99994,3670.857940971627,0.6457403642660999,1000000.0,32.287018213305,1.0194262978773277e-05,1.0166031105949289e-05,26.901333718906656,32.32836256185303,1
29.99994,3682.2536331559495,0.6725450677937947,1000000.0,33.627253389689734,9.292564928365538e-06,9.2691731682969e-06,27.174696018303106,33.66256759815931,1
29.99994,2098.831560124097,0.4275944472193635,1000000.0,21.379722360968177,1.88340959676783e-05,1.8666589274683916e-05,24.310363589076346,21.560274051886477,0
29.99994,1236.3614401384373,0.5436530971240014,1000000.0,27.182654856200077,1.390959244520688e-05,1.3754844588982506e-05,25.80746336927813,27.382288264731645,2
29.99994,1992.150273997886,0.4802549102996537,1000000.0,24.012745514982687,1.6489260647866735e-05,1.635389752669764e-05,25.01527203386256,24.17182159028767,0
29.99994,2691.4379225152525,0.3051009786561184,1000000.0,15.255048932805924,2.527466428010428e-05,2.5039523964718352e-05,22.36789309555385,15.452144952077962,3
29.99994,2085.060938447008,0.6625898758284946,1000000.0,33.12949379142473,9.624252331229646e-06,9.580032687465054e-06,27.07994603686065,33.19553238113605,2
29.99994,3636.225402222887,0.5162950054349742,1000000.0,25.81475027174871,1.4993528307794935e-05,1.4931958214247032e-05,25.448679136297503,25.89103692186498,1
29.99994,2356.323503255024,0.7153291187876285,1000000.0,35.76645593938142,7.907635721671427e-06,7.881187079795523e-06,27.59775417807833,35.80827725774494,2
29.99994,3652.122581526901,0.3848085838109162,1000000.0,19.24042919054581,2.090449178204552e-05,2.078551695067518e-05,23.664514433434203,19.358818614533785,3
29.99994,3186.3592083620224,0.6406623548794068,1000000.0,32.033117743970344,1.036823531540004e-05,1.0334607079821773e-05,26.84995176207032,32.08207863699764,1
29.99994,3030.4609874702296,0.6457199003959736,1000000.0,32.28599501979868,1.0194962007322845e-05,1.0160779498003228e-05,26.902934409008616,32.3360576909267,1
29.99994,2565.999988325724,0.6200935108411365,1000000.0,31.004675542056827,1.1083686249983176e-05,1.1036016823452705e-05,26.63616207221161,31.072418307112983,1
29.99994,1080.6210257057976,0.2078892425692041,1000000.0,10.394462128460209,3.19645270213942e-05,3.104618776631674e-05,20.537061968826656,10.980995511842307,0
29.99994,2376.7003308666813,0.2510374752663592,1000000.0,12.55187376331796,2.875592200657338e-05,2.8412160589395072e-05,21.33991345235238,12.801447361300886,0
29.99994,1654.2551360881412,0.4919980958169216,1000000.0,24.59990479084608,1.5992916117901326e-05,1.5839781159524092e-05,25.171974702577057,24.78321281910788,0
29.99994,2818.7075418135364,0.7360947866901701,1000000.0,36.8047393345085,7.257749129494253e-06,7.239109508337017e-06,27.79345942185888,36.83484825246484,1
29.99994,3534.419562782773,0.5876795617043995,1000000.0,29.383978085219976,1.2248158959396327e-05,1.2205860833475202e-05,26.27959361795676,29.441710652712704,1
29.99994,1698.4519809593012,0.6693629921269297,1000000.0,33.468149606346486,9.39818267428478e-06,9.346465117639583e-06,27.151137432143454,33.545986816567485,2
29.99994,3972.733035101368,0.2032092284797315,1000000.0,10.160461423986575,3.234176725584064e-05,3.2080601120163145e-05,20.221772778574277,10.322035880304666,3
29.99994,3523.850199148962,0.5456959303847044,1000000.0,27.284796519235226,1.3830310208176308e-05,1.3776241594589391e-05,25.80094156196915,27.35461962913291,1
29.99994,1948.3241058431715,0.2609216458935842,1000000.0,13.046082294679213,2.8080045865495777e-05,2.7681094580594524e-05,21.56274237183479,13.344565448186408,0
29.99994,3877.669281211912,0.4919406852977794,1000000.0,24.59703426488897,1.599532094216195e-05,1.5929611560850263e-05,25.14459439625284,24.675558872217383,1
29.99994,2388.8787115240493,0.4329929732972694,1000000.0,21.64964866486347,1.858406107120545e-05,1.844060409657236e-05,24.379243871364743,21.80566756116325,0
29.99994,1610.4461232226693,0.2886480098100995,1000000.0,14.432400490504977,2.6281440649066817e-05,2.585943142906168e-05,22.117985300422,14.773068793115726,0
29.99994,2622.6775060612053,0.7189397465103999,1000000.0,35.94698732552,7.793629562393026e-06,7.770538390270581e-06,27.631479898645523,35.98363579927996,1
29.99994,2281.498289155317,0.2426907415090572,1000000.0,12.13453707545286,2.9342391846657272e-05,2.896981057510485e-05,21.16994173670804,12.398441890292986,0
29.99994,2854.931204237364,0.4688448898029436,1000000.0,23.442244490147186,1.6980320211046714e-05,1.6879923220396015e-05,24.85493940242329,23.558047569556013,3
29.99994,1273.1754191904238,0.7709568446910109,1000000.0,38.547842234550544,6.196968209165151e-06,6.166951604645916e-06,28.12025315090392,38.5980499776599,2
29.99994,1908.4107199438947,0.461665019250025,1000000.0,23.083250962501253,1.7293937103945622e-05,1.7138627586745966e-05,24.776086311559823,23.26051258768368,0
29.99994,1341.8372423066055,0.7445466047935438,1000000.0,37.2273302396772,6.997173526319208e-06,6.960875195862398e-06,27.87826524030114,37.28648487240861,2
29.99994,1011.9247887279156,0.3280700719847311,1000000.0,16.403503599236554,2.393515391011533e-05,2.3382094978961068e-05,22.873077450412666,16.89611520150087,0
29.99994,1342.6189487703746,0.3955529555181373,1000000.0,19.777647775906864,2.0368947888344742e-05,2.0064547505116696e-05,23.884265920440427,20.087970003632265,0
29.99994,1753.2191959217562,0.789661843327268,1000000.0,39.4830921663634,5.642576590829685e-06,5.6244747302508985e-06,28.28560010221952,39.513913806614674,2
29.99994,3090.2642722726755,0.3605900848529592,1000000.0,18.02950424264796,2.215410043245816e-05,2.199640821142656e-05,23.295434777157183,18.17907332161484,3
29.99994,2803.927226815572,0.6875979048165052,1000000.0,34.379895240825256,8.797958788318171e-06,8.77043954141943e-06,27.32671002777536,34.42213894961253,1
29.99994,1730.633533551158,0.5556153868677185,1000000.0,27.780769343385924,1.3448470634836364e-05,1.3344770601247368e-05,25.932453920739803,27.916625418991103,2
29.99994,1402.7759939409486,0.3351468550890868,1000000.0,16.757342754454342,2.353665886140977e-05,2.3148262734326444e-05,22.944349518577297,17.107693424455462,0
29.99994,2665.524484008816,0.3918501804829047,1000000.0,19.59250902414524,2.05522635208458e-05,2.039500981012485e-05,23.783541009873943,19.75124698299898,3
29.99994,3486.5718966488,0.5792907704967033,1000000.0,28.964538524835167,1.2557350328270932e-05,1.2512285674713724e-05,26.186195326347256,29.025390536156543,1
29.99994,2800.195623795288,0.6898478508966647,1000000.0,34.49239254483324,8.724729567379206e-06,8.697629864843044e-06,27.34890241719584,34.534093969036775,1
29.99994,2730.868766372956,0.2119940790968006,1000000.0,10.599703954840034,3.163885803161648e-05,3.127649981450186e-05,20.466862856539837,10.831624045909733,3
29.99994,3437.488976832697,0.2248678266070482,1000000.0,11.243391330352411,3.064723338342456e-05,3.03764098467678e-05,20.74121027870517,11.42417475215182,3
29.99994,1994.789441154497,0.7460563798329427,1000000.0,37.302818991647136,6.950859901033926e-06,6.926723676500541e-06,27.888674623402636,37.34220523233732,2
29.99994,1422.0667327029355,0.4595248963046704,1000000.0,22.97624481523352,1.7388125040743388e-05,1.717808240494552e-05,24.764060482972607,23.215384662535516,0
29.99994,1918.310259436872,0.6165643961700662,1000000.0,30.82821980850331,1.1208222931382246e-05,1.1143116397069409e-05,26.603518122173245,30.920374881447284,2
29.99994,3926.4137213131753,0.7919353882234459,1000000.0,39.596769411172296,5.575865239519552e-06,5.567958231506201e-06,28.302826331036908,39.610259336322855,1
29.99994,1069.7379296581153,0.5102209122654626,1000000.0,25.511045613273133,1.5240006465009686e-05,1.50259396261176e-05,25.420033601959357,25.774659757038663,2
29.99994,3343.823014937674,0.278499683671527,1000000.0,13.924984183576347,2.6924084917936396e-05,2.6709026853004945e-05,21.85902861520409,14.093273957767185,3
29.99994,2732.546883671365,0.2590762280384907,1000000.0,12.953811401924536,2.8204759135793147e-05,2.7916609913830092e-05,21.490957298264583,13.16774794557701,3
29.99994,1463.082592243552,0.6228308513077483,1000000.0,31.14154256538741,1.098745554178062e-05,1.090555700550415e-05,26.67592622472233,31.258381725422595,2
29.99994,2507.0018280548475,0.4000568312091528,1000000.0,20.00284156045764,2.014769839690817e-05,1.9987070881027573e-05,23.907880795462795,20.167533495874785,3
29.99994,2203.809906451944,0.2467145422323308,1000000.0,12.335727111616542,2.9057808603049213e-05,2.867965980582383e-05,21.258379691184896,12.606922942861162,0
29.99994,3404.2164749800518,0.5838576199692016,1000000.0,29.19288099846008,1.2388613552057909e-05,1.2343692426623368e-05,26.2375825483652,29.25389725080337,1
29.99994,1331.626635874268,0.4869283960717906,1000000.0,24.346419803589534,1.6206093023826693e-05,1.6011233939709004e-05,25.119715895176693,24.57804599648549,0
29.99994,2555.365660763401,0.6553467505494688,1000000.0,32.76733752747344,9.867935705485553e-06,9.829975749237653e-06,27.00376339163236,32.82355649539432,1
29.99994,3443.467555427142,0.5366506341628181,1000000.0,26.832531708140905,1.4183064739251786e-05,1.4124886702342977e-05,25.694674533125863,26.90673142264553,1
29.99994,3822.437650989756,0.4151399259749523,1000000.0,20.75699629874762,1.942009606313784e-05,1.9321929978932665e-05,24.110615742421324,20.86035362603202,3
29.99994,1744.9408437166012,0.7712862323783565,1000000.0,38.56431161891783,6.187118788822896e-06,6.165258342455381e-06,28.1207692572196,38.60088369977317,2
29.99994,3626.1659134109536,0.4941886318001906,1000000.0,24.70943159000953,1.5901315284670373e-05,1.5831889924866388e-05,25.17437995090072,24.792686581280893,1
29.99994,2712.245785050198,0.2953738981294119,1000000.0,14.768694906470596,2.5864803177156377e-05,2.5620478478851865e-05,22.19081815964595,14.968618452531782,3
29.99994,3960.4597429511264,0.6515188622581012,1000000.0,32.57594311290506,9.997535645734655e-06,9.972362041795754e-06,26.96036404966065,32.61305394234017,1
29.99994,2941.775280291571,0.3277397636074813,1000000.0,16.38698818037407,2.3953910509260177e-05,2.376043706924905e-05,22.757758781292885,16.55794437206863,3
29.99994,3570.457469856356,0.6030529919737626,1000000.0,30.15264959868813,1.1690018021297745e-05,1.1651868692773242e-05,26.44845042244271,30.205733715484072,1
29.99994,1488.8345541546523,0.6602214120178578,1000000.0,33.011070600892886,9.703714711036344e-06,9.640878758728993e-06,27.0614001543394,33.104689025183745,2
29.99994,3019.6514859478693,0.7419440355631255,1000000.0,37.09720177815628,7.077175163888503e-06,7.060627130051218e-06,27.847860850760387,37.12409032568026,1
29.99994,3188.635752667128,0.7281869468868079,1000000.0,36.40934734434039,7.503593392976929e-06,7.485977166739317e-06,27.71821415957785,36.43757311671536,1
29.99994,1455.9536992987248,0.3805853581000751,1000000.0,19.02926790500376,2.111806724129243e-05,2.081613691257697e-05,23.655181469046536,19.32829725149248,0
29.99994,2850.8385080561247,0.5669506496004504,1000000.0,28.34753248002252,1.301834009125526e-05,1.2959162140778713e-05,26.049987379490645,28.42618176715956,1
29.99994,1843.5789697906123,0.7966954342566819,1000000.0,39.8347717128341,5.436657719633064e-06,5.42067232355491e-06,28.34771907578046,39.862170365449415,2
29.99994,3999.138703479996,0.2005312852241416,1000000.0,10.02656426120708,3.2560566959942766e-05,3.229760326904297e-05,20.155630523595704,10.1876499556354,3
29.99994,3008.181299022607,0.7296846887747268,1000000.0,36.48423443873634,7.456877404742991e-06,7.438438514738209e-06,27.73270394070779,36.51382429212626,1
29.99994,3485.8014922182515,0.7625843162919266,1000000.0,38.12921581459633,6.448391676932941e-06,6.436484809841072e-06,28.03809942996044,38.14896377790697,1
29.99994,2751.297565783977,0.6667841473309926,1000000.0,33.33920736654963,9.48405491070683e-06,9.451474536773931e-06,27.119130561191305,33.38808477957581,1
29.99994,1043.305441102351,0.2545741539639631,1000000.0,12.728707698198155,2.851182896836916e-05,2.7753374692792967e-05,21.540711393636705,13.290111600835344,0
29.99994,1077.928359199092,0.2322840864159426,1000000.0,11.614204320797134,3.009517823609969e-05,2.9277759000440556e-05,21.07607905666572,12.180012545135009,0
29.99994,2887.529670521595,0.5916125336201701,1000000.0,29.580626681008503,1.2104337467281068e-05,1.20538086815384e-05,26.325939113867094,29.649948949954304,1
29.99994,2374.401814416522,0.7998043059937141,1000000.0,39.99021529968571,5.346075187932365e-06,5.334065293926417e-06,28.374116898411224,40.01085890771307,2
29.99994,3092.7279404572023,0.2315031535348286,1000000.0,11.57515767674143,3.0152681541634173e-05,2.9861545147323568e-05,20.898141039095776,11.773865850748622,3
29.99994,1845.0396734642425,0.6549148059124887,1000000.0,32.74574029562444,9.882531492797267e-06,9.829879996985134e-06,27.00379257691893,32.82369839657181,2
29.99994,3938.1466006311366,0.7017369550209269,1000000.0,35.08684775104635,8.340720273443717e-06,8.323092543003198e-06,27.463061392892623,35.11431905070843,1
29.99994,3181.4132391375247,0.3889827851372058,1000000.0,19.44913925686029,2.069511613121965e-05,2.056136430768128e-05,23.732836159018746,19.583351724621373,3
29.99994,1869.8508500908983,0.4022402892312105,1000000.0,20.112014461560527,2.0041109478755336e-05,1.9828586182327894e-05,23.95618693162645,20.331023054279523,0
29.99994,1453.7057148778858,0.4953877735667762,1000000.0,24.769388678338814,1.5851300131929307e-05,1.5680320909411135e-05,25.220578186811487,24.97517927751512,0
29.99994,2031.179765673978,0.4509574625836818,1000000.0,22.54787312918409,1.7768510093279485e-05,1.7614421307989504e-05,24.6310643853248,22.72067228813628,0
29.99994,1684.900434595584,0.785708341891687,1000000.0,39.28541709458435,5.75892580692813e-06,5.739309066130737e-06,28.250598596643343,39.31869341918032,2
29.99994,3725.09282850946,0.7956460499764235,1000000.0,39.78230249882117,5.46729324744643e-06,5.459280698532061e-06,28.335951243087425,39.79602051625002,1
29.99994,1427.266641171246,0.3672576552638503,1000000.0,18.36288276319252,2.180394319385649e-05,2.1475862599349626e-05,23.454097079718235,18.679417692282605,0
29.99994,3115.0674195580027,0.5980594003819245,1000000.0,29.902970019096227,1.187013093636225e-05,1.1825070871627632e-05,26.395658398327896,29.96528805357279,1
29.99994,1079.06100752038,0.7298564141667288,1000000.0,36.49282070833644,7.45152572397902e-06,7.400421632754853e-06,27.74429148633632,36.57488878247364,2
29.99994,2918.768279269853,0.5115733816883417,1000000.0,25.578669084417083,1.5184935467157718e-05,1.5106344484866813e-05,25.395526201012597,25.675406226483837,1
29.99994,2802.116728193446,0.4704369353147749,1000000.0,23.521846765738744,1.691126813480376e-05,1.680981792207096e-05,24.87630749735277,23.63916466541568,3
29.99994,2855.669133170584,0.4333750174773936,1000000.0,21.66875087386968,1.8566455312843656e-05,1.844652315966003e-05,24.377439740935625,21.79921356252952,3
29.99994,1062.9988702452606,0.6716644729069519,1000000.0,33.583223645347594,9.321755587318603e-06,9.24072093673335e-06,27.18336825848367,33.70555901133002,2
29.99994,3516.8941559714226,0.5380303525259063,1000000.0,26.901517626295316,1.4128970769241136e-05,1.4072435366375526e-05,25.710661700328732,26.973759171796985,1
29.99994,3776.135693965033,0.5812892343784102,1000000.0,29.06446171892051,1.2483388404082838e-05,1.2442256006589412e-05,26.207540369191545,29.1201436872936,1
29.99994,2462.166021497377,0.4714875423649717,1000000.0,23.574377118248588,1.686579590032849e-05,1.675105147899624e-05,24.894219509201942,23.70732309986722,0
29.99994,3748.136062326723,0.7952199596885858,1000000.0,39.760997984429295,5.47974109808879e-06,5.471741461451848e-06,28.332153202549478,39.7746883912931,1
29.99994,3672.386820410247,0.3664639158745359,1000000.0,18.3231957937268,2.18453763014007e-05,2.171619642305559e-05,23.380843330252656,18.44714438629372,3
29.99994,2038.0044390133216,0.682159924277813,1000000.0,34.10799621389065,8.97569430935961e-06,8.936337264792548e-06,27.27614440169123,34.168064926077506,2
29.99994,1830.780899583989,0.244146975715233,1000000.0,12.207348785761654,2.923899391673184e-05,2.8779365087895147e-05,21.227989521209555,12.53498787260599,0
29.99994,2746.803643857951,0.4038385033487086,1000000.0,20.191925167435432,1.9963364894858915e-05,1.9819320984885835e-05,23.9590109638068,20.34061149451083,3
29.99994,2314.3209131764656,0.6286218655724753,1000000.0,31.431093278623766,1.0784914162199715e-05,1.0734888751692208e-05,26.72794590848421,31.502918864019964,2
29.99994,3945.3638390106025,0.3192673330229,1000000.0,15.963366651145,2.443993757691348e-05,2.428947408239867e-05,22.59650829968488,16.09362218773151,3
