eo,Sn,Z,kni,krcf,Vm,Vj,e,kf
9.8425e-05,1333.8296740638662,0.2275600967273936,1000000.0,11.37800483636968,3.044526756517095e-05,2.9765848564769135e-05,6.865915143523086e-05,11.839736500283893
9.8425e-05,2061.4077742844675,0.5515622001318787,1000000.0,27.57811000659394,1.360387129184662e-05,1.3514683689203682e-05,8.49103163107963e-05,27.694284249495944
9.8425e-05,2526.8365456107276,0.7275078379332527,1000000.0,36.375391896662634,7.5247991929890964e-06,7.502457231764464e-06,9.092254276823553e-05,36.411167274988635
9.8425e-05,2523.4873419903806,0.6211894320031297,1000000.0,31.059471600156485,1.1045121170976917e-05,1.0996988150999971e-05,8.742801184900002e-05,31.12796434268074
9.8425e-05,1280.719900980225,0.6075861853798313,1000000.0,30.379309268991566,1.1527477193838048e-05,1.142464647218302e-05,8.700035352781697e-05,30.523362891997895
9.8425e-05,2946.9831993643666,0.5099437797844524,1000000.0,25.497188989222618,1.5251304493076685e-05,1.5172781915462507e-05,8.325221808453748e-05,25.593610916531002
9.8425e-05,1372.6259744265187,0.5876064701167466,1000000.0,29.38032350583733,1.2250838606749321e-05,1.2142465757152759e-05,8.628253424284724e-05,29.52839762604234
9.8425e-05,1620.6460914665445,0.7683277994086382,1000000.0,38.41638997043191,6.275695819594481e-06,6.251487920771162e-06,9.217351207922883e-05,38.45677428442579
9.8425e-05,1631.1643567710403,0.4363387225360501,1000000.0,21.816936126802506,1.8430272667815967e-05,1.8224358472565712e-05,8.020064152743428e-05,22.042440614775977
9.8425e-05,2009.7988457039935,0.39917587782609787,1000000.0,19.958793891304893,2.0190827063869795e-05,1.9990003629646486e-05,7.843499637035351e-05,20.164517455569538
9.8425e-05,2399.6717016575767,0.40481880115887336,1000000.0,20.240940057943668,1.9915792751867218e-05,1.9751864478204134e-05,7.867313552179586e-05,20.4105236871324
9.8425e-05,2533.493328999868,0.5775519131729612,1000000.0,28.877595658648058,1.2621860227601316e-05,1.2559289863039986e-05,8.586571013696001e-05,28.96192166847955
9.8425e-05,1094.8119580557009,0.5458377757316706,1000000.0,27.291888786583527,1.3824813468604933e-05,1.3652416636431546e-05,8.477258336356845e-05,27.515029499346056
9.8425e-05,1679.3854715526259,0.214760238724213,1000000.0,10.738011936210649,3.1422054817727545e-05,3.084493231052007e-05,6.758006768947992e-05,11.11278213763843
9.8425e-05,1416.7603006690242,0.3281089705056779,1000000.0,16.405448525283894,2.3932945985451106e-05,2.353536939871231e-05,7.488963060128768e-05,16.75849692751532
9.8425e-05,1353.3255169338318,0.7715406171353842,1000000.0,38.57703085676921,6.1795142807593735e-06,6.151425825130789e-06,9.22735741748692e-05,38.62403865239507
9.8425e-05,1007.1265987313525,0.36810137348679633,1000000.0,18.405068674339816,2.17599747686088e-05,2.1299771949244758e-05,7.712522805075523e-05,18.85098966401331
9.8425e-05,2194.2059161576362,0.2723770434510065,1000000.0,13.618852172550325,2.7320342500951475e-05,2.698435677426464e-05,7.144064322573535e-05,13.878091131868572
9.8425e-05,2504.400672511275,0.5581999505441408,1000000.0,27.909997527207043,1.3349820931982236e-05,1.3279036428362793e-05,8.51459635716372e-05,28.003000554487752
9.8425e-05,1948.3062352575434,0.5000904147403753,1000000.0,25.004520737018765,1.5656028983971697e-05,1.5531224527180557e-05,8.289377547281943e-05,25.155675983973257
9.8425e-05,1637.1275265110394,0.44018472515886936,1000000.0,22.009236257943467,1.8254578769027243e-05,1.8053278027058524e-05,8.037172197294147e-05,22.231123096579154
9.8425e-05,2870.3592933482532,0.7469003727992458,1000000.0,37.34501863996229,6.9250003270487245e-06,6.9083333506102e-06,9.15166666493898e-05,37.37223606659627
9.8425e-05,2226.0694815804827,0.305144243289188,1000000.0,15.2572121644594,2.527207115981411e-05,2.4988383604751963e-05,7.343661639524803e-05,15.495262730407907
9.8425e-05,2940.0689329698916,0.48991584179877123,1000000.0,24.49579208993856,1.6080272974148756e-05,1.5992802700861057e-05,8.243219729913894e-05,24.60004017765273
9.8425e-05,2050.9738610280974,0.7625804720021139,1000000.0,38.1290236001057,6.448507593756578e-06,6.4282962599920924e-06,9.19967037400079e-05,38.162549230602906
9.8425e-05,1107.3946565520487,0.22362747013434217,1000000.0,11.181373506717108,3.074089178746421e-05,2.991058433483495e-05,6.851441566516504e-05,11.740217507636142
9.8425e-05,2068.95750157746,0.23942680411774842,1000000.0,11.97134020588742,2.9575844814815703e-05,2.9159015319104393e-05,6.92659846808956e-05,12.263893219438259
9.8425e-05,1500.3484604606194,0.3599498350937238,1000000.0,17.99749175468619,2.218797891055187e-05,2.1864632686839537e-05,7.656036731316045e-05,18.304772853469547
9.8425e-05,1147.0085080168237,0.7358390523631677,1000000.0,36.79195261815838,7.26566850145234e-06,7.219934186462957e-06,9.120506581353704e-05,36.8658417710925
9.8425e-05,2777.8618195760305,0.44631355529212,1000000.0,22.315677764606,1.797696459801349e-05,1.7861374508203035e-05,8.056362549179696e-05,22.444209724434284
9.8425e-05,2223.1584759605566,0.33439967296658857,1000000.0,16.71998364832943,2.3578433138933252e-05,2.3330988719857958e-05,7.509401128014203e-05,16.94218909692344
9.8425e-05,2545.951627788365,0.46959574201500115,1000000.0,23.47978710075006,1.694773148737046e-05,1.683566091326521e-05,8.158933908673479e-05,23.609238045897634
9.8425e-05,1312.0352168117306,0.789583083187714,1000000.0,39.4791541593857,5.644890185570216e-06,5.620707696180011e-06,9.280429230381998e-05,39.52033012043496
9.8425e-05,2880.3974578315274,0.742954860486964,1000000.0,37.1477430243482,7.046077966424955e-06,7.028883789606111e-06,9.139611621039388e-05,37.17571031253355
9.8425e-05,1428.6923556860343,0.5886277547765133,1000000.0,29.431387738825666,1.2213419410895325e-05,1.2109895907634745e-05,8.631510409236525e-05,29.573008284047553
9.8425e-05,2011.3751027715757,0.6177101914102671,1000000.0,30.885509570513353,1.116773121521031e-05,1.1106067146395837e-05,8.731893285360416e-05,30.97290841016656
9.8425e-05,1078.336866869777,0.6662701605147048,1000000.0,33.31350802573524,9.501199774551329e-06,9.418216102694359e-06,8.900678389730564e-05,33.43803483784989
9.8425e-05,1658.6273422865431,0.42398951243622995,1000000.0,21.199475621811498,1.9002381367637037e-05,1.8787142872187278e-05,7.963785712781272e-05,21.430217216103074
9.8425e-05,2274.136807875609,0.6912782188803552,1000000.0,34.56391094401776,8.6782683249493e-06,8.645277329793807e-06,8.977972267020618e-05,34.614761898180696
9.8425e-05,1489.999168769902,0.5452117829637317,1000000.0,27.260589148186586,1.3849079788447976e-05,1.3721542311730719e-05,8.470345768826927e-05,27.42539345038117
9.8425e-05,2040.8063897791567,0.687985249909849,1000000.0,34.39926249549245,8.78533903520292e-06,8.747681690631126e-06,8.967731830936887e-05,34.45710302618036
9.8425e-05,2241.8864474811826,0.5557256614367612,1000000.0,27.786283071838056,1.3444254565133793e-05,1.3364112003048274e-05,8.506088799695172e-05,27.891248779521323
9.8425e-05,2752.959606352079,0.6955478636650234,1000000.0,34.77739318325117,8.540009114074107e-06,8.513598914608569e-06,8.991140108539142e-05,34.818284672021385
9.8425e-05,2468.190541810256,0.21875149213578615,1000000.0,10.937574606789308,3.111289385981314e-05,3.072558107877322e-05,6.769941892122677e-05,11.19149421920497
9.8425e-05,1316.7068373747024,0.41597156207842684,1000000.0,20.798578103921344,1.93805587734407e-05,1.909943490425846e-05,7.932556509574154e-05,21.096043332261235
9.8425e-05,2411.206714707828,0.4147182936461147,1000000.0,20.735914682305733,1.944016382467067e-05,1.9284682593370546e-05,7.914031740662944e-05,20.8996715742664
9.8425e-05,2663.648440510758,0.6140157622223232,1000000.0,30.70078811111616,1.1298492916057288e-05,1.125077012179211e-05,8.717422987820789e-05,30.768107766173596
9.8425e-05,2272.5742041745207,0.7338746351857912,1000000.0,36.69373175928956,7.326569900226189e-06,7.303025618337568e-06,9.112197438166243e-05,36.73168027464558
9.8425e-05,1661.6473730183536,0.613339113834724,1000000.0,30.6669556917362,1.1322506301661902e-05,1.1245876620197895e-05,8.71791233798021e-05,30.77501698523409
9.8425e-05,2681.928101729882,0.6296967865494776,1000000.0,31.48483932747388,1.0747472806915248e-05,1.0704575633253599e-05,8.77204243667464e-05,31.546501748307275
9.8425e-05,1914.0477016471555,0.3589084947771565,1000000.0,17.945424738857824,2.2243177544370224e-05,2.1987658627978407e-05,7.643734137202158e-05,18.187399348887357
9.8425e-05,1624.431560569547,0.38136016085257995,1000000.0,19.068008042628996,2.1078751520467775e-05,2.080873573120342e-05,7.761626426879657e-05,19.335671290616744
9.8425e-05,1911.332877451035,0.7812931063579944,1000000.0,39.06465531789972,5.889383745270746e-06,5.871292550733178e-06,9.255370744926682e-05,39.09521365154568
9.8425e-05,1763.5429426547903,0.40685081220651836,1000000.0,20.34254061032592,1.981745729871062e-05,1.9597237306275856e-05,7.882776269372413e-05,20.57145985315675
9.8425e-05,2750.6169091015136,0.22829458503065184,1000000.0,11.414729251532592,3.0390479842981262e-05,3.005837671058463e-05,6.836662328941536e-05,11.639245560711345
9.8425e-05,1480.0320072560437,0.7394320226446114,1000000.0,36.97160113223057,7.1545930091386335e-06,7.120173521283318e-06,9.130482647871667e-05,37.02740294765141
9.8425e-05,2823.4196548708805,0.5699364650625883,1000000.0,28.496823253129417,1.2906114077104992e-05,1.2847387472991025e-05,8.557761252700897e-05,28.575180040075885
9.8425e-05,2503.394687867726,0.7943390740792831,1000000.0,39.71695370396415,5.5054912607638095e-06,5.493410096963632e-06,9.293158990303637e-05,39.73761333149951
9.8425e-05,2203.015839603387,0.6390692934775457,1000000.0,31.953464673877285,1.0423026590644974e-05,1.0373944826983665e-05,8.805105517301633e-05,32.02481057209991
9.8425e-05,2514.0057134701065,0.4079118127898168,1000000.0,20.39559063949084,1.9766258427207144e-05,1.9612059479336324e-05,7.881294052066367e-05,20.55599181306923
9.8425e-05,1096.3971141374013,0.47203462808645635,1000000.0,23.601731404322816,1.6842147092135407e-05,1.6587343000551504e-05,8.18376569994485e-05,23.89797259999325
9.8425e-05,2977.79332719207,0.25521391405690885,1000000.0,12.760695702845442,2.846794630534475e-05,2.8198367618359517e-05,7.022663238164048e-05,12.958528322011084
9.8425e-05,2700.0413736186065,0.5917041160716465,1000000.0,29.585205803582326,1.2100997021227262e-05,1.2047004970333119e-05,8.637799502966687e-05,29.65929250649601
9.8425e-05,2505.604882969533,0.7606321822325863,1000000.0,38.031609111629315,6.507310830260622e-06,6.490454459615178e-06,9.193454554038482e-05,38.05951456802338
9.8425e-05,2283.284637588901,0.43965122567709597,1000000.0,21.9825612838548,1.827888125426416e-05,1.813371146113352e-05,8.029128853886647e-05,22.142263827534634
9.8425e-05,1962.650114878956,0.3293199747822746,1000000.0,16.46599873911373,2.3864305979562468e-05,2.3577620368873542e-05,7.484737963112646e-05,16.720709919368197
9.8425e-05,2838.166890569997,0.38521322445490214,1000000.0,19.260661222745107,2.0884120883335445e-05,2.0731571487286695e-05,7.76934285127133e-05,19.412678291392165
9.8425e-05,2479.195116937144,0.6850099231424938,1000000.0,34.25049615712469,8.882412668895023e-06,8.850702541745954e-06,8.957429745825404e-05,34.299039076798486
9.8425e-05,1054.4098253928848,0.7302820442593154,1000000.0,36.514102212965774,7.43826538175456e-06,7.386160196116334e-06,9.103883980388367e-05,36.59781591127581
9.8425e-05,1820.1437887221582,0.6104343272515064,1000000.0,30.52171636257532,1.1425819766392057e-05,1.135454245499257e-05,8.707045754500742e-05,30.621863553957912
9.8425e-05,1765.3109762367599,0.5543587205383262,1000000.0,27.717936026916313,1.349656048163825e-05,1.3394156404145656e-05,8.503084359585434e-05,27.851863721742127
9.8425e-05,2637.913059311306,0.2578427250666778,1000000.0,12.892136253333891,2.828849120580888e-05,2.798834932998336e-05,7.043665067001663e-05,13.114239089846022
9.8425e-05,1366.9172113461022,0.7991061025294963,1000000.0,39.95530512647482,5.3663955690478255e-06,5.34540996428043e-06,9.307959003571956e-05,39.99135853258423
9.8425e-05,1316.677996700879,0.3210157148075189,1000000.0,16.050785740375943,2.4338855092441674e-05,2.3897115776176788e-05,7.45278842238232e-05,16.437034975545192
9.8425e-05,2227.782561795774,0.4950058202166735,1000000.0,24.750291010833674,1.5867221207350572e-05,1.5755007300015177e-05,8.266999269998481e-05,24.88512964233975
9.8425e-05,2070.643842647873,0.26098658086511456,1000000.0,13.049329043255728,2.807566962704295e-05,2.770008669640519e-05,7.07249133035948e-05,13.330241133478863
9.8425e-05,2743.963621214468,0.5778297749931989,1000000.0,28.891488749659942,1.2611542057083627e-05,1.2553843288271959e-05,8.587115671172803e-05,28.969270738601736
9.8425e-05,1497.3592320348675,0.4447521296359912,1000000.0,22.23760648179956,1.8047418855496696e-05,1.7832486891753255e-05,8.059251310824675e-05,22.476418231634188
9.8425e-05,2531.573357749374,0.3065876968396854,1000000.0,15.32938484198427,2.5185713591788202e-05,2.49376181899814e-05,7.348738181001859e-05,15.538153567274119
9.8425e-05,1434.6860596940112,0.537196852879728,1000000.0,26.859842643986397,1.416163693958891e-05,1.4023215239865252e-05,8.440178476013474e-05,27.0367715690419
9.8425e-05,2801.0716267625003,0.3145578491420056,1000000.0,15.727892457100278,2.4714296678010305e-05,2.449814567547964e-05,7.392685432452036e-05,15.913188888842718
9.8425e-05,1399.6756195472826,0.5542048054977238,1000000.0,27.71024027488619,1.3502456089006349e-05,1.3373444520274321e-05,8.505155547972568e-05,27.8790103592002
9.8425e-05,2168.3018087442433,0.5635596498874553,1000000.0,28.177982494372767,1.3146334395563288e-05,1.306710899266592e-05,8.535789100733408e-05,28.282839898189838
9.8425e-05,1066.095799845581,0.7993230445241355,1000000.0,39.96615222620677,5.360080304952448e-06,5.333265891584814e-06,9.309173410841518e-05,40.01223327080865
9.8425e-05,2872.9615422483957,0.5687506857877923,1000000.0,28.437534289389614,1.2950630327063536e-05,1.2892513927173729e-05,8.553248607282627e-05,28.51495508568245
9.8425e-05,2536.1551315525285,0.5089391774024317,1000000.0,25.446958870121584,1.5292298370804855e-05,1.520064279259498e-05,8.322435720740501e-05,25.55936786090355
9.8425e-05,2518.617200915754,0.7444536348181021,1000000.0,37.2226817409051,7.000027760283435e-06,6.980626408372946e-06,9.144437359162705e-05,37.25428799642509
9.8425e-05,2073.246846956109,0.7566842837999834,1000000.0,37.83421418999917,6.626813446963536e-06,6.605699348883009e-06,9.181930065111698e-05,37.86903452736671
9.8425e-05,1524.2259517294729,0.524915806642176,1000000.0,26.245790332108797,1.4647415181475272e-05,1.4507997100617078e-05,8.391700289938291e-05,26.42093416658988
9.8425e-05,2005.5679466383212,0.3534027508394214,1000000.0,17.67013754197107,2.253703537181753e-05,2.2286595691497265e-05,7.613840430850273e-05,17.904549305613525
9.8425e-05,1792.4596885348003,0.34831822262526796,1000000.0,17.4159111312634,2.2811477156865966e-05,2.2524818337008634e-05,7.590018166299136e-05,17.68151899473993
9.8425e-05,2789.5955654074514,0.608250258033513,1000000.0,30.412512901675647,1.1503742852379192e-05,1.145649850826635e-05,8.696850149173365e-05,30.478687327998312
9.8425e-05,1583.1158057767066,0.5759154843532185,1000000.0,28.795774217660924,1.2682703315425674e-05,1.2581906778475268e-05,8.584309322152472e-05,28.93141959370179
9.8425e-05,1761.4200905558087,0.3805339793590553,1000000.0,19.026698967952765,2.1120676468031277e-05,2.0870425263279288e-05,7.755457473672071e-05,19.274272448006847
9.8425e-05,1276.499210186278,0.7327226414718706,1000000.0,36.63613207359353,7.36234121814579e-06,7.32012165938331e-06,9.110487834061668e-05,36.704122065369056
9.8425e-05,2420.6451149135078,0.5407056555696469,1000000.0,27.035282778482344,1.4024377168304735e-05,1.3943592833675935e-05,8.448140716632406e-05,27.138939122816698
9.8425e-05,2029.5828642867154,0.448151272861979,1000000.0,22.40756364309895,1.7894279994854167e-05,1.7737889845431233e-05,8.068711015456876e-05,22.58213272709379
9.8425e-05,1265.3105041094962,0.3396125074074917,1000000.0,16.980625370374586,2.3288433982308865e-05,2.286754960834571e-05,7.555745039165428e-05,17.3643083457345
9.8425e-05,1020.4798786835019,0.20330812517647223,1000000.0,10.165406258823612,3.233372847103223e-05,3.1340703694629444e-05,6.708429630537055e-05,10.790256895690849
9.8425e-05,2484.721955837935,0.44462165798579795,1000000.0,22.2310828992899,1.8053314358191386e-05,1.7923090057513307e-05,8.050190994248668e-05,22.37551540275623
9.8425e-05,2812.9104533257855,0.5863816227595309,1000000.0,29.319081137976543,1.2295780589910542e-05,1.2242267250423932e-05,8.618273274957606e-05,29.392014564624475
9.8425e-05,1919.249849288317,0.20632681670426484,1000000.0,10.316340835213241,3.208975417260179e-05,3.1562038586328835e-05,6.686296141367117e-05,10.648556565110631
9.8425e-05,2741.933358521396,0.7749894625403455,1000000.0,38.749473127017275,6.076600543347811e-06,6.063163519933244e-06,9.236183648006675e-05,38.77203079915803
9.8425e-05,1565.7032966777535,0.5105092309396242,1000000.0,25.52546154698121,1.5228257286464488e-05,1.5081571732999972e-05,8.334342826700002e-05,25.705955648615458
9.8425e-05,2093.9912146464344,0.7448895763853671,1000000.0,37.24447881926836,6.986646404261073e-06,6.963412828656538e-06,9.146158717134346e-05,37.2823470546881
9.8425e-05,1662.99251189589,0.4146799274161652,1000000.0,20.73399637080826,1.944199064034756e-05,1.9217321567352714e-05,7.920767843264728e-05,20.970918281892608
9.8425e-05,1273.6341311829888,0.6073608690740859,1000000.0,30.368043453704296,1.1535534549600573e-05,1.1431992923235485e-05,8.69930070767645e-05,30.51305442857818
9.8425e-05,2905.705549121054,0.7324652011780031,1000000.0,36.62326005890015,7.370340932399677e-06,7.351693314723362e-06,9.107330668527663e-05,36.65327044523959
9.8425e-05,1551.1496858499868,0.7948461500011597,1000000.0,39.74230750005798,5.490665737227451e-06,5.471298765140916e-06,9.295370123485908e-05,39.77544611550359
9.8425e-05,2150.8939945606166,0.6728565981073205,1000000.0,33.64282990536602,9.28224493839261e-06,9.242359270954524e-06,8.918264072904546e-05,33.7030823663545
9.8425e-05,1285.46900586539,0.5098867316672797,1000000.0,25.494336583363985,1.5253630779809227e-05,1.507475079001613e-05,8.335024920998386e-05,25.71437192750448
9.8425e-05,2420.4464246876964,0.4843019036120933,1000000.0,24.215095180604663,1.6317190224201282e-05,1.6207926159692344e-05,8.221707384030765e-05,24.344248585099578
9.8425e-05,1397.270764192361,0.5921716546561638,1000000.0,29.60858273280819,1.2083949713450151e-05,1.1980340707685721e-05,8.644465929231427e-05,29.750959602330212
9.8425e-05,2640.7966803558966,0.5097610040073759,1000000.0,25.488050200368797,1.5258758344441862e-05,1.5171098387190367e-05,8.325390161280962e-05,25.59568119768626
9.8425e-05,2095.423415976874,0.5000767897580572,1000000.0,25.003839487902862,1.5656592750670363e-05,1.5540477352131727e-05,8.288452264786826e-05,25.144446089045143
9.8425e-05,1680.2488030760207,0.642550837441872,1000000.0,32.1275418720936,1.030341561761416e-05,1.0240619347723525e-05,8.818438065227647e-05,32.219217361247246
9.8425e-05,2030.2241217062754,0.4226580962234752,1000000.0,21.132904811173763,1.9064805855833756e-05,1.8887443446154892e-05,7.95375565538451e-05,21.32245913050735
9.8425e-05,2972.5927368644516,0.7033150092576819,1000000.0,35.16575046288409,8.290117923643717e-06,8.2670623194701e-06,9.01579376805299e-05,35.201744463737874
9.8425e-05,1268.0343774770474,0.47451121291285697,1000000.0,23.725560645642847,1.673534849492737e-05,1.651735465246289e-05,8.19076453475371e-05,23.979828631510987
9.8425e-05,2450.9183106580977,0.7717760193030285,1000000.0,38.58880096515143,6.172478908040041e-06,6.156972970680304e-06,9.226802702931969e-05,38.61475175323051
9.8425e-05,1030.6573394317345,0.6978912399407482,1000000.0,34.89456199703741,8.464396503778443e-06,8.395447885252363e-06,9.002955211474763e-05,35.001662178039666
9.8425e-05,1636.1815703280126,0.7183000988945476,1000000.0,35.91500494472738,7.813795192488272e-06,7.776656769478896e-06,9.06483432305211e-05,35.97392246635598
9.8425e-05,1661.257736018865,0.7796052614740989,1000000.0,38.98026307370495,5.9394009712755225e-06,5.918241815519488e-06,9.25067581844805e-05,39.01594744215334
9.8425e-05,1083.2775926236438,0.30982592713691154,1000000.0,15.491296356845577,2.4993083509211505e-05,2.4429453850184474e-05,7.399554614981552e-05,15.972416648163215
9.8425e-05,1321.182252939774,0.2819391125502202,1000000.0,14.09695562751101,2.670434361425795e-05,2.6175276874005835e-05,7.224972312599416e-05,14.517540926646594
9.8425e-05,1986.3330420829989,0.5753391214595583,1000000.0,28.766956072977916,1.2704163597708902e-05,1.2623426844906747e-05,8.580157315509325e-05,28.875486696098545
9.8425e-05,1918.1335314615437,0.6646785396913633,1000000.0,33.233926984568164,9.554353864848269e-06,9.506998855528757e-06,8.891800114447124e-05,33.30481884091929
9.8425e-05,2403.6569645454465,0.6064857495560807,1000000.0,30.324287477804035,1.1566850275905966e-05,1.1511454985215226e-05,8.691354501478477e-05,30.4017208752515
9.8425e-05,1858.8639467619348,0.4431423530388532,1000000.0,22.15711765194266,1.812024927852543e-05,1.794531789945013e-05,8.047968210054987e-05,22.350812711116973
9.8425e-05,2753.401706942399,0.47704328889437875,1000000.0,23.852164444718937,1.662658827325861e-05,1.6526790217734798e-05,8.189820978226519e-05,23.96878086458633
9.8425e-05,2240.2543105212753,0.3373170280210693,1000000.0,16.865851401053465,2.3415721208005587e-05,2.317350569425768e-05,7.525149430574231e-05,17.084757698889973
9.8425e-05,2191.267895073803,0.3323456908678419,1000000.0,16.617284543392095,2.3693631282730048e-05,2.3440178499608614e-05,7.498482150039138e-05,16.84386524936431
9.8425e-05,1365.6640995481616,0.48872786903950044,1000000.0,24.43639345197502,1.6130236846938065e-05,1.594194215366475e-05,8.248305784633524e-05,24.66080914795442
9.8425e-05,1636.797831444897,0.5458254563471142,1000000.0,27.29127281735571,1.3825290822453852e-05,1.3709492937553954e-05,8.471550706244605e-05,27.441002227486045
9.8425e-05,1732.6996372244953,0.5660898379103724,1000000.0,28.30449189551862,1.305077719487586e-05,1.2953212970354716e-05,8.547178702964528e-05,28.434097437908328
9.8425e-05,1079.4562201471276,0.6598660782597032,1000000.0,32.99330391298516,9.715654657192552e-06,9.628988863114104e-06,8.879601113688588e-05,33.12242599736181
9.8425e-05,2489.962019816696,0.48578691834644033,1000000.0,24.289345917322017,1.6254320683298035e-05,1.6148901635227036e-05,8.227609836477296e-05,24.41423189766622
9.8425e-05,1213.1692596418054,0.6313894897453967,1000000.0,31.569474487269833,1.0688610088549672e-05,1.059526069851779e-05,8.78297393014822e-05,31.704045687096073
9.8425e-05,1034.1046985968676,0.5144777608772825,1000000.0,25.723888043864125,1.5067040504277453e-05,1.4850664384813895e-05,8.35743356151861e-05,25.992020548874596
9.8425e-05,1222.4795024585758,0.34591333352076203,1000000.0,17.295666676038103,2.294233081274461e-05,2.251970248789916e-05,7.590529751210084e-05,17.686286579061775
9.8425e-05,1938.8445801172509,0.43346087719836524,1000000.0,21.673043859918263,1.8562500237714674e-05,1.8386468170326488e-05,8.00385318296735e-05,21.864762538705605
9.8425e-05,1283.0215543401341,0.7998482840687706,1000000.0,39.99241420343853,5.344795703842325e-06,5.322622786088895e-06,9.31023772139111e-05,40.03053467902201
9.8425e-05,2562.1729962920463,0.7091441261270224,1000000.0,35.45720630635112,8.103934766390188e-06,8.07838352795968e-06,9.034661647204032e-05,35.49734578187235
9.8425e-05,2837.4610510666844,0.5471786587733296,1000000.0,27.35893293866648,1.3772904912211088e-05,1.3706374801862539e-05,8.471862519813745e-05,27.445042550002118
9.8425e-05,2033.1534928186618,0.5829933618989089,1000000.0,29.149668094945447,1.2420470185445882e-05,1.2345054638309667e-05,8.607994536169032e-05,29.252045557053986
9.8425e-05,1092.4524984604434,0.4368930149156351,1000000.0,21.844650745781756,1.840487991755673e-05,1.8099944638399394e-05,8.03250553616006e-05,22.179535402039814
9.8425e-05,1148.0375127428197,0.43727077244089174,1000000.0,21.863538622044587,1.8387588266518216e-05,1.8097725332356023e-05,8.032727466764397e-05,22.18198670278318
9.8425e-05,2367.896235206922,0.31505940655122033,1000000.0,15.752970327561016,2.4684931599047992e-05,2.4430250229611678e-05,7.399474977038832e-05,15.97172904468794
9.8425e-05,1460.180066151283,0.5783335833642418,1000000.0,28.916679168212088,1.2592843033682126e-05,1.2485168799126362e-05,8.593983120087364e-05,29.062053357491852
9.8425e-05,1271.0373126765721,0.7324979890298526,1000000.0,36.62489945149263,7.369321963664811e-06,7.3268418131926295e-06,9.109815818680736e-05,36.69329366362667
9.8425e-05,2024.1158690631469,0.46331442755139374,1000000.0,23.165721377569685,1.7221568974886266e-05,1.7076280678874894e-05,8.134871932112509e-05,23.33195828426573
9.8425e-05,2605.8271312422767,0.7397961509764439,1000000.0,36.9898075488222,7.1433587088363356e-06,7.123830140167325e-06,9.130116985983267e-05,37.021471740168444
9.8425e-05,1563.0372058568291,0.5464686025923069,1000000.0,27.323430129615346,1.3800380862939875e-05,1.3679600819664534e-05,8.474539918033546e-05,27.479753287643184
9.8425e-05,1282.0378644637117,0.6160569432352037,1000000.0,30.802847161760184,1.1226174047328652e-05,1.112872528204325e-05,8.729627471795674e-05,30.94077264180795
9.8425e-05,1732.3737834807553,0.5029171501890566,1000000.0,25.145857509452828,1.5539314247922583e-05,1.5401166483248547e-05,8.302383351675145e-05,25.31392216621225
9.8425e-05,2697.084694933652,0.4455771988988179,1000000.0,22.278859944940894,1.801016721450825e-05,1.7890699520168495e-05,8.05343004798315e-05,22.411548957780486
9.8425e-05,1942.75717814858,0.36023211161844215,1000000.0,18.011605580922108,2.217303683140189e-05,2.1922827659300726e-05,7.650217234069927e-05,18.24918107224499
9.8425e-05,1950.6290369545425,0.45613909998261015,1000000.0,22.806954999130507,1.7537809927485686e-05,1.738153517997641e-05,8.104346482002358e-05,22.98371937415343
9.8425e-05,1122.366864180821,0.5176486274095329,1000000.0,25.882431370476645,1.4938896843589341e-05,1.4742669367609279e-05,8.368233063239072e-05,26.126629060561505
9.8425e-05,2259.6264700673332,0.49471125053069,1000000.0,24.735562526534498,1.5879506137550482e-05,1.5768691787770987e-05,8.2656308212229e-05,24.868656641924648
9.8425e-05,1838.319580511641,0.22522393041297484,1000000.0,11.261196520648742,3.06204158513239e-05,3.0118735824820832e-05,6.830626417517916e-05,11.59819601390564
9.8425e-05,2198.690547866925,0.2053545573970663,1000000.0,10.267727869853314,3.2168039370569516e-05,3.1704189818264236e-05,6.672081018173576e-05,10.558289247351803
9.8425e-05,2854.1964422563633,0.2414500264814616,1000000.0,12.07250132407308,2.9430854885542088e-05,2.91304779192981e-05,6.929452208070189e-05,12.284116477420323
9.8425e-05,2836.8289180298725,0.6979546525223888,1000000.0,34.897732626119435,8.462353047929007e-06,8.437184651344896e-06,8.998781534865509e-05,34.93680166901101
9.8425e-05,1866.5557479125532,0.4345015456382959,1000000.0,21.725077281914796,1.8514609143831177e-05,1.833276407345188e-05,8.00922359265481e-05,21.923504729423254
9.8425e-05,1712.1594546293727,0.7839855350857579,1000000.0,39.199276754287894,5.809764385454539e-06,5.79011714041609e-06,9.263488285958391e-05,39.23255002278626
9.8425e-05,2460.1118448879415,0.5259704166061352,1000000.0,26.29852083030676,1.4605367396676783e-05,1.4519168959241994e-05,8.3905831040758e-05,26.406867315192216
9.8425e-05,1349.3671057933398,0.7394841682519957,1000000.0,36.974208412599786,7.152983927842079e-06,7.115265961510683e-06,9.130973403848931e-05,37.03536436004147
9.8425e-05,1467.0644571357607,0.24263553163546814,1000000.0,12.131776581773407,2.934632109366408e-05,2.8770806285657e-05,6.9654193714343e-05,12.541150743282145
9.8425e-05,2737.1596958929513,0.5785927665605368,1000000.0,28.92963832802684,1.2583228117767158e-05,1.252564541486022e-05,8.589935458513977e-05,29.00734053097293
9.8425e-05,1921.0387284339022,0.7147833657007294,1000000.0,35.73916828503647,7.924905489344274e-06,7.892347007727228e-06,9.053265299227277e-05,35.79062640321465
9.8425e-05,1864.9039354997844,0.5975631592573682,1000000.0,29.878157962868414,1.188809129985248e-05,1.1812789021957243e-05,8.661221097804275e-05,29.982290721668935
9.8425e-05,2086.1153272894767,0.40834133205380313,1000000.0,20.417066602690156,1.9745560257126507e-05,1.9560416427268857e-05,7.886458357273114e-05,20.609922957710836
9.8425e-05,2623.3675684326827,0.5754382766915889,1000000.0,28.771913834579443,1.2700470506172963e-05,1.26392801466316e-05,8.57857198533684e-05,28.854151658516358
9.8425e-05,2451.493202508692,0.4983918747368502,1000000.0,24.91959373684251,1.572639917160238e-05,1.562615692695738e-05,8.279884307304261e-05,25.0406376983008
9.8425e-05,2148.965459871902,0.7100029501258629,1000000.0,35.500147506293146,8.076600867703882e-06,8.046359694959282e-06,9.037864030504071e-05,35.54770143023759
9.8425e-05,2687.02847374176,0.5863413224936727,1000000.0,29.317066124683635,1.2297260479357463e-05,1.224123811296425e-05,8.618376188703574e-05,29.393418510127407
9.8425e-05,1380.8862437940104,0.7728586183740727,1000000.0,38.642930918703634,6.140144396956016e-06,6.112962957917468e-06,9.231203704208253e-05,38.688478354067676
9.8425e-05,2411.1211957028136,0.20486922720466108,1000000.0,10.243461360233054,3.2207221654173936e-05,3.178267572767783e-05,6.664232427232216e-05,10.508696571414664
9.8425e-05,1893.3051002620919,0.2879937591841962,1000000.0,14.399687959209809,2.6322355655614432e-05,2.596141770115627e-05,7.246358229884372e-05,14.69019329349758
9.8425e-05,2785.6996913752964,0.7234018063052907,1000000.0,36.17009031526454,7.653331026985534e-06,7.632362150034119e-06,9.079263784996587e-05,36.203524052094096
9.8425e-05,1492.207142533514,0.6924250135340085,1000000.0,34.62125067670043,8.641070166746885e-06,8.591319570387574e-06,8.983368042961241e-05,34.69805105885952
9.8425e-05,1876.5132990645898,0.596647988622767,1000000.0,29.832399431138352,1.1921243260656534e-05,1.184598725485145e-05,8.657901274514854e-05,29.936348611322444
9.8425e-05,2063.984121906621,0.5648492344720746,1000000.0,28.24246172360373,1.3097590749305719e-05,1.3015000409989244e-05,8.540999959001075e-05,28.351966667069323
9.8425e-05,1268.5116800610108,0.6888080349028988,1000000.0,34.44040174514494,8.758550265396628e-06,8.698490772166386e-06,8.972650922783361e-05,34.532768610833315
9.8425e-05,2516.292113121042,0.4901470451933321,1000000.0,24.507352259666604,1.607055956499769e-05,1.5968574613348484e-05,8.24564253866515e-05,24.628974247729175
9.8425e-05,1597.4647234468878,0.630874775528175,1000000.0,31.54373877640875,1.0706496424900889e-05,1.0635217282307134e-05,8.778978271769286e-05,31.646392269115225
9.8425e-05,1036.3785951194918,0.7996632810784559,1000000.0,39.98316405392279,5.350178477767338e-06,5.3227006827121815e-06,9.310229931728781e-05,40.0304007086698
9.8425e-05,2392.7986039634397,0.38442396055310335,1000000.0,19.221198027655166,2.092386984030615e-05,2.0742486796544646e-05,7.768251320345535e-05,19.401771282092326
9.8425e-05,1611.382260716599,0.39929274514548496,1000000.0,19.964637257274248,2.0185101508451076e-05,1.9935379472855297e-05,7.84896205271447e-05,20.220748525190462
9.8425e-05,2330.467809492306,0.22990513888859557,1000000.0,11.495256944429778,3.027080489765899e-05,2.988265450118279e-05,6.85423454988172e-05,11.759372768725283
9.8425e-05,1563.7550145205196,0.761158166340236,1000000.0,38.0579083170118,6.49142446866277e-06,6.464588813706928e-06,9.196041118629307e-05,38.10236459585142
9.8425e-05,2197.075155987625,0.7929585247818947,1000000.0,39.64792623909473,5.545890775685515e-06,5.5319270007815065e-06,9.289307299921849e-05,39.67177485640662
9.8425e-05,2973.199199766426,0.6398851928229934,1000000.0,31.994259641149668,1.039495201276913e-05,1.03587356167545e-05,8.80662643832455e-05,32.04694310824328
9.8425e-05,1061.5342606279955,0.37725040802616827,1000000.0,18.862520401308412,2.128798070058063e-05,2.0869464987648594e-05,7.75555350123514e-05,19.275227076819156
9.8425e-05,1065.7544327803412,0.3568875063950745,1000000.0,17.844375319753723,2.235064836181988e-05,2.189154611990281e-05,7.653345388009718e-05,18.27904755529741
9.8425e-05,2166.5317445006394,0.5622924305235735,1000000.0,28.114621526178674,1.3194314241467094e-05,1.3114446439912689e-05,8.53105535600873e-05,28.220152120565594
9.8425e-05,1172.769750039904,0.6541585767008278,1000000.0,32.707928835041386,9.908102534208894e-06,9.825095571987756e-06,8.859990442801224e-05,32.830789317371035
9.8425e-05,2698.360545710325,0.3909599464082384,1000000.0,19.54799732041192,2.0596530505355456e-05,2.044050852451254e-05,7.798449147548745e-05,19.7052200311198
9.8425e-05,1493.6420565985325,0.274266692137423,1000000.0,13.71333460687115,2.719733775952489e-05,2.6710964784212858e-05,7.171403521578714e-05,14.091750688280392
9.8425e-05,1668.7201680447283,0.5493392953142751,1000000.0,27.466964765713755,1.368946223992838e-05,1.3578073566774674e-05,8.484692643322532e-05,27.611676036719295
9.8425e-05,2293.9482815390656,0.7104113774169267,1000000.0,35.52056887084633,8.063610501105357e-06,8.035364854530564e-06,9.038963514546943e-05,35.56500253721924
9.8425e-05,1748.8801774607987,0.6758462670399958,1000000.0,33.792313351999795,9.18338865376678e-06,9.135418472943047e-06,8.928958152705694e-05,33.865029693747076
9.8425e-05,2568.303794237847,0.3572337680638432,1000000.0,17.86168840319216,2.233220273617259e-05,2.2139691214047502e-05,7.628530878595249e-05,18.043132753412593
9.8425e-05,2321.720991957949,0.38151404261895183,1000000.0,19.07570213094759,2.1070950248860887e-05,2.0881439205907685e-05,7.75435607940923e-05,19.263325807441056
9.8425e-05,2127.607632708279,0.33217911517791543,1000000.0,16.60895575889577,2.3702997110291952e-05,2.3441839068202097e-05,7.49831609317979e-05,16.842373242637787
9.8425e-05,2920.4341871559577,0.35386897822021013,1000000.0,17.693448911010506,2.251201890218157e-05,2.2339813581537607e-05,7.608518641846239e-05,17.854543329857265
9.8425e-05,2689.512118306201,0.3837796332318001,1000000.0,19.188981661590006,2.095636489646522e-05,2.0794337840111153e-05,7.763066215988884e-05,19.350022425130202
9.8425e-05,1717.2685193127036,0.757747851783912,1000000.0,37.8873925891956,6.5945733849278555e-06,6.569346092625225e-06,9.185565390737476e-05,37.929042847991376
9.8425e-05,2752.677536846535,0.5080320003288297,1000000.0,25.401600016441485,1.532936888304034e-05,1.5244474026070903e-05,8.31805259739291e-05,25.5055656357936
9.8425e-05,1502.9924048904325,0.5442992909157575,1000000.0,27.214964545787872,1.3884489578137404e-05,1.3757400127735468e-05,8.466759987226453e-05,27.378982574293104
9.8425e-05,2078.4429232702623,0.5711444645041617,1000000.0,28.557223225208084,1.2860835013853046e-05,1.2781745079357229e-05,8.564325492064276e-05,28.662955450060313
9.8425e-05,1802.1783404955916,0.48226348240511113,1000000.0,24.113174120255557,1.6403724637100946e-05,1.6255762008892467e-05,8.216923799110753e-05,24.28764176030988
9.8425e-05,1165.358374665138,0.6528591995514463,1000000.0,32.64295997757232,9.952091335464627e-06,9.867820732237157e-06,8.855717926776284e-05,32.76750769456755
9.8425e-05,2168.720752994498,0.27460773292252366,1000000.0,13.730386646126183,2.7175205816751767e-05,2.6838900351905152e-05,7.158609964809484e-05,13.991462506203254
9.8425e-05,2932.2212490658458,0.20982917966511072,1000000.0,10.491458983255535,3.181002117980519e-05,3.1468635629113685e-05,6.695636437088631e-05,10.70818256368432
9.8425e-05,1225.9960773321545,0.6453014228235066,1000000.0,32.265071141175326,1.0209260493671653e-05,1.0124946831015127e-05,8.830005316898487e-05,32.38859961382633
9.8425e-05,2844.9976419682234,0.7820134337014635,1000000.0,39.10067168507317,5.868062393212094e-06,5.855983902037307e-06,9.256901609796269e-05,39.12108591159928
9.8425e-05,2766.8665753182227,0.569209236358281,1000000.0,28.46046181791405,1.2933407281233625e-05,1.287323279927473e-05,8.555176720072527e-05,28.54067567242477
9.8425e-05,2393.3516981002203,0.5637296994447542,1000000.0,28.186484972237707,1.3139902086790738e-05,1.3068155720903973e-05,8.535684427909602e-05,28.281452614493947
9.8425e-05,1852.4548177470338,0.7476395410334085,1000000.0,37.381977051670425,6.902370532641343e-06,6.8767473122777746e-06,9.154825268772223e-05,37.42385735877926
9.8425e-05,2697.351837292992,0.44120581227053746,1000000.0,22.060290613526874,1.8208126753434198e-05,1.8086039270830754e-05,8.033896072916924e-05,22.19489771639159
9.8425e-05,2033.0016481110229,0.45494530589048043,1000000.0,22.74726529452402,1.759078585355415e-05,1.743988519586112e-05,8.098511480413888e-05,22.917599164118617
9.8425e-05,1006.026098014307,0.6187226201210636,1000000.0,30.93613100605318,1.1131999443225228e-05,1.1010168420187887e-05,8.74148315798121e-05,31.109197717520665
9.8425e-05,1039.106719444985,0.5507413242230106,1000000.0,27.53706621115053,1.3635448199333733e-05,1.345883757869834e-05,8.496616242130165e-05,27.767215060605206
9.8425e-05,2585.4019458659072,0.45627766391634533,1000000.0,22.813883195817265,1.7531667738240347e-05,1.741358582786136e-05,8.101141417213863e-05,22.947383009319452
9.8425e-05,1937.3832899096997,0.35717176757676833,1000000.0,17.858588378838416,2.2335504563994138e-05,2.2080940100186877e-05,7.634405989981311e-05,18.098780656961168
9.8425e-05,2397.5054439613677,0.3321329402763621,1000000.0,16.606647013818105,2.37055939479903e-05,2.3473497209776095e-05,7.495150279022389e-05,16.813947625587193
9.8425e-05,1322.0502005290407,0.27333111569597324,1000000.0,13.666555784798662,2.7258158430633168e-05,2.6707500609464432e-05,7.171749939053556e-05,14.094473715871707
9.8425e-05,1961.016075081834,0.3169817344858149,1000000.0,15.849086724290744,2.4572707203902594e-05,2.4268607007167182e-05,7.415639299283281e-05,16.111749455929246
9.8425e-05,2736.677956223221,0.2534067618435776,1000000.0,12.670338092178879,2.8592116783694308e-05,2.8296482317407454e-05,7.012851768259254e-05,12.886261715487004
9.8425e-05,2069.177600809212,0.6349084211085919,1000000.0,31.745421055429595,1.05666191589514e-05,1.0512933018425893e-05,8.79120669815741e-05,31.823084762537356
9.8425e-05,1940.1484284224273,0.30031450461745546,1000000.0,15.015725230872773,2.5563266343749992e-05,2.5230826653890367e-05,7.319417334610963e-05,15.291650078447288
9.8425e-05,2418.647430317025,0.40150403078159913,1000000.0,20.075201539079956,2.00770024873511e-05,1.9911716888266997e-05,7.8513283111733e-05,20.245143678815662
9.8425e-05,2096.9023874738514,0.31604293559622726,1000000.0,15.802146779811363,2.4627449779703177e-05,2.434156585198196e-05,7.408343414801803e-05,16.0484367218005
9.8425e-05,1758.775801181853,0.3677133247100904,1000000.0,18.38566623550452,2.1780187636146046e-05,2.1513767160494146e-05,7.691123283950585e-05,18.64263952079715
9.8425e-05,1679.5881879003623,0.6580806125406309,1000000.0,32.904030627031545,9.775723081025613e-06,9.71915459324409e-06,8.87058454067559e-05,32.98809735353332
9.8425e-05,2593.574292379904,0.30857091447154333,1000000.0,15.428545723577166,2.5067559447213076e-05,2.4827594391968457e-05,7.359740560803154e-05,15.631416369840718
9.8425e-05,2384.2516707077966,0.20572924135490922,1000000.0,10.286462067745461,3.213783739610262e-05,3.171040606144632e-05,6.671459393855367e-05,10.554355019238384
9.8425e-05,1247.6355577358572,0.5720217333221129,1000000.0,28.601086666105648,1.2827997622647143e-05,1.269744444456669e-05,8.572755555543331e-05,28.775976624752463
9.8425e-05,1060.3491572497692,0.5831245303623639,1000000.0,29.156226518118196,1.2415633024732165e-05,1.2271940814843942e-05,8.615305918515606e-05,29.35155562486944
9.8425e-05,1611.7491944514177,0.7139970011913983,1000000.0,35.69985005956992,7.949806544868847e-06,7.910787304835999e-06,9.051421269516399e-05,35.76147501337029
9.8425e-05,1111.824228358719,0.32717519338017453,1000000.0,16.358759669008727,2.398600254665405e-05,2.3479466945447596e-05,7.49455330545524e-05,16.808591477793378
9.8425e-05,2804.449154507317,0.48479398457231,1000000.0,24.2396992286155,1.629634150156504e-05,1.62021923673339e-05,8.22228076326661e-05,24.35104033589165
9.8425e-05,1640.867809060768,0.7971448667721428,1000000.0,39.85724333860714,5.423546327000364e-06,5.405678982520389e-06,9.30193210174796e-05,39.887881498300985
9.8425e-05,1425.76478367533,0.2359443688255014,1000000.0,11.79721844127507,2.9827572771909245e-05,2.9216354875962708e-05,6.920864512403729e-05,12.223334581685037
9.8425e-05,1208.005063020715,0.6363999573520032,1000000.0,31.819997867600158,1.051506500208274e-05,1.0424326581390886e-05,8.800067341860911e-05,31.951576612219945
9.8425e-05,1203.2968945732764,0.6629395277491388,1000000.0,33.14697638745694,9.612539501519841e-06,9.536358285451749e-06,8.888864171454825e-05,33.260853556019455
9.8425e-05,2628.8127537762407,0.22230657711541404,1000000.0,11.115328855770702,3.0841060809376027e-05,3.0483431171025583e-05,6.794156882897441e-05,11.352476041012853
9.8425e-05,2930.562843936199,0.3113474936352123,1000000.0,15.567374681760615,2.4903092362065474e-05,2.4693256071422813e-05,7.373174392857718e-05,15.745858158279303
9.8425e-05,2192.92650611907,0.31270935884687956,1000000.0,15.635467942343977,2.4822825850218232e-05,2.454498891242368e-05,7.388001108757631e-05,15.872894082123763
9.8425e-05,1000.8019778477027,0.6829409867392431,1000000.0,34.147049336962155,8.950100781242908e-06,8.870770116132348e-06,8.955422988386764e-05,34.26831297477902
9.8425e-05,1106.9821605076795,0.34129297410283527,1000000.0,17.064648705141764,2.3195658484256834e-05,2.2719593069171817e-05,7.570540693082818e-05,17.500719471855607
9.8425e-05,2004.281722917865,0.5960956994757973,1000000.0,29.804784973789864,1.1941268333889476e-05,1.1870545060699627e-05,8.655445493930037e-05,29.9023977366167
9.8425e-05,2638.0985859467623,0.21573877403387465,1000000.0,10.786938701693732,3.134586169007716e-05,3.09777839629069e-05,6.74472160370931e-05,11.025655633350413
9.8425e-05,1997.6684222671288,0.5082119520753317,1000000.0,25.410597603766583,1.5322011463570554e-05,1.5205386947449682e-05,8.321961305255031e-05,25.55354037312199
9.8425e-05,2116.192923779483,0.5959773166235132,1000000.0,29.798865831175657,1.1945562507377955e-05,1.187851026217062e-05,8.654648973782937e-05,29.89139214496109
9.8425e-05,2914.3934839371263,0.5891469875747144,1000000.0,29.45734937873572,1.2194413731998579e-05,1.2143602435202883e-05,8.62813975647971e-05,29.526841639376972
9.8425e-05,1292.9806716012333,0.6410760829010003,1000000.0,32.053804145050016,1.0354022395160263e-05,1.0271767407049145e-05,8.815323259295085e-05,32.17372021087005
9.8425e-05,2511.46083380017,0.758935254262183,1000000.0,37.94676271310915,6.558619584686451e-06,6.541536519343645e-06,9.188346348065635e-05,37.97499623506493
9.8425e-05,1216.9044856366459,0.6910772427313074,1000000.0,34.55386213656537,8.684792080083958e-06,8.623249755223866e-06,8.980175024477612e-05,34.648745514306846
9.8425e-05,2831.208024945227,0.35790657460342457,1000000.0,17.89532873017123,2.2296400120350282e-05,2.212218295287022e-05,7.630281704712977e-05,18.059702793287737
9.8425e-05,2577.017819160043,0.3362966706269154,1000000.0,16.81483353134577,2.347250995417282e-05,2.326064270845366e-05,7.516435729154633e-05,17.00576227104109
9.8425e-05,2477.8308704255624,0.2312477720801042,1000000.0,11.562388604005209,3.0171517895568674e-05,2.980855153781652e-05,6.861644846218348e-05,11.810308786733195
9.8425e-05,2347.805466951957,0.7043647487058791,1000000.0,35.21823743529395,8.256503814925895e-06,8.227570002449096e-06,9.01974299975509e-05,35.26346336226784
9.8425e-05,1411.4768624396133,0.5253394697723281,1000000.0,26.266973488616408,1.4630515930303737e-05,1.4480420643207238e-05,8.394457935679276e-05,26.455680640436725
9.8425e-05,1341.689006885891,0.6819394383914403,1000000.0,34.09697191957201,8.982923076277485e-06,8.923180288110872e-06,8.950181971188913e-05,34.18816345346833
9.8425e-05,2966.61157541085,0.3511277215940556,1000000.0,17.55638607970278,2.2659463459770826e-05,2.2487698746030224e-05,7.593730125396977e-05,17.71613353037223
9.8425e-05,1619.1733988241335,0.5114987278986928,1000000.0,25.57493639493464,1.518797243437613e-05,1.5046831979930768e-05,8.337816802006923e-05,25.748842152141787
9.8425e-05,2243.6613853680174,0.7318842419307403,1000000.0,36.594212096537014,7.388401444810647e-06,7.364151214438368e-06,9.106084878556162e-05,36.63321938524909
9.8425e-05,2065.5347383826033,0.672446605814462,1000000.0,33.6223302907231,9.295827400376354e-06,9.254179466090704e-06,8.917082053390929e-05,33.685218001130416
9.8425e-05,1986.6027013856262,0.2923864150122055,1000000.0,14.619320750610276,2.6048976044389692e-05,2.571183417301151e-05,7.271316582698849e-05,14.893628779491463
9.8425e-05,2455.188742042889,0.47270079110502844,1000000.0,23.63503955525142,1.681337868294713e-05,1.669902210518935e-05,8.172597789481064e-05,23.767790671497263
9.8425e-05,2095.4076466767033,0.2531223987443263,1000000.0,12.656119937216314,2.861171596174755e-05,2.822630031786245e-05,7.019869968213754e-05,12.937923559185101
9.8425e-05,2055.60617106702,0.5732211508938385,1000000.0,28.661057544691925,1.278316282245888e-05,1.2704159682639835e-05,8.572084031736016e-05,28.76696132839222
9.8425e-05,1133.5770790466008,0.46272361243577387,1000000.0,23.136180621788693,1.724746886641151e-05,1.698898013080251e-05,8.143601986919748e-05,23.43227573193755
9.8425e-05,2092.3107855847848,0.31749056226522043,1000000.0,15.874528113261022,2.4543087595975048e-05,2.4258531748084327e-05,7.416646825191567e-05,16.120507332570835
9.8425e-05,2141.2003449134345,0.33934846532566426,1000000.0,16.967423266283213,2.330304254481043e-05,2.305216199872687e-05,7.537283800127312e-05,17.195221814085354
9.8425e-05,1235.2542506303014,0.7083277753838626,1000000.0,35.416388769193134,8.129939889186163e-06,8.076781804094086e-06,9.03482181959059e-05,35.49986312940069
9.8425e-05,1644.2158405574037,0.6210688394324336,1000000.0,31.05344197162168,1.1049362281205452e-05,1.09756046702728e-05,8.744939532972719e-05,31.15842910804605
9.8425e-05,1384.2782163875238,0.40568512668285384,1000000.0,20.284256334142693,1.987382334762241e-05,1.9592536960339875e-05,7.883246303966012e-05,20.57636683634025
9.8425e-05,2782.350530857184,0.701345746124572,1000000.0,35.0672873062286,8.353278092064424e-06,8.328274630693999e-06,9.0096725369306e-05,35.106241539897944
9.8425e-05,1998.7266888993313,0.49838619435603215,1000000.0,24.919309717801607,1.5726634810252113e-05,1.5603858551530176e-05,8.282114144846981e-05,25.067623154541742
9.8425e-05,2768.3502853610994,0.20819475669888343,1000000.0,10.409737834944172,3.1940122880737116e-05,3.1575813719575115e-05,6.684918628042488e-05,10.63978399755148
9.8425e-05,2953.4555760290145,0.5446506808645251,1000000.0,27.232534043226252,1.387084841736513e-05,1.3806008757585057e-05,8.461899124241494e-05,27.316162360566924
9.8425e-05,1670.841223367825,0.6912034342122841,1000000.0,34.560171710614206,8.680695694876742e-06,8.635829071290725e-06,8.978917092870927e-05,34.629335382680246
9.8425e-05,2690.4544200312594,0.3741061725771896,1000000.0,18.70530862885948,2.144921227003297e-05,2.1279564388181607e-05,7.714543561181838e-05,18.870754001705063
9.8425e-05,2409.3967203492216,0.399243881655825,1000000.0,19.96219408279125,2.018749527215788e-05,2.0019756709014814e-05,7.840524329098518e-05,20.133938493305447
9.8425e-05,1319.574859097509,0.22333266507385638,1000000.0,11.166633253692819,3.076320958390352e-05,3.006236652404126e-05,6.836263347595874e-05,11.636528775746296
9.8425e-05,1073.8453145296771,0.76717071043313,1000000.0,38.3585355216565,6.3104092624702e-06,6.273543036441172e-06,9.215145696355882e-05,38.41998001621857
9.8425e-05,2443.6428543588236,0.7868656738388522,1000000.0,39.34328369194261,5.7248208425364054e-06,5.7114404203111285e-06,9.271355957968887e-05,39.366003981860196
9.8425e-05,1920.5924521415932,0.6613850864736737,1000000.0,33.06925432368368,9.664646558064845e-06,9.61625642746761e-06,8.880874357253238e-05,33.141427746119675
9.8425e-05,1896.6384782684936,0.527192295104038,1000000.0,26.3596147552019,1.455672953497054e-05,1.44458573572416e-05,8.39791426427584e-05,26.49927893617837
9.8425e-05,1331.3500446462758,0.50510588502921,1000000.0,25.2552942514605,1.544927980426276e-05,1.5272059455145216e-05,8.315294054485477e-05,25.47174848716603
9.8425e-05,1963.7726366548336,0.28901443118823633,1000000.0,14.450721559411816,2.6258556057140086e-05,2.5912073163439152e-05,7.251292683656084e-05,14.730247705852003
9.8425e-05,1313.7526756037419,0.35188041825561023,1000000.0,17.59402091278051,2.2618892268260684e-05,2.2236053917203976e-05,7.618894608279602e-05,17.95213785980059
9.8425e-05,1142.2101002382879,0.44520347519850234,1000000.0,22.260173759925117,1.8027034317476187e-05,1.7746941604870595e-05,8.06780583951294e-05,22.572001064752552
9.8425e-05,2108.2714740071287,0.7905317250950179,1000000.0,39.526586254750896,5.617035145538606e-06,5.602109531586117e-06,9.282289046841388e-05,39.552019455508955
9.8425e-05,1007.9667621611375,0.7973797587281801,1000000.0,39.868987936409006,5.416695978717187e-06,5.38774287602918e-06,9.303725712397082e-05,39.91865533045552
9.8425e-05,1992.1326275754855,0.23308124541195813,1000000.0,11.654062270597906,3.0036629484518417e-05,2.9590475381621047e-05,6.883452461837894e-05,11.96116772540639
9.8425e-05,1509.6586193035548,0.5074908297061522,1000000.0,25.37454148530761,1.5351506705511753e-05,1.5196970841054174e-05,8.322802915894582e-05,25.56387899081137
9.8425e-05,1911.6227602685276,0.7014623662759467,1000000.0,35.07311831379734,8.349534031814935e-06,8.313223758611832e-06,9.011177624138816e-05,35.129705743013936
9.8425e-05,1983.8446803181457,0.2408593461916751,1000000.0,12.042967309583755,2.9473090252750708e-05,2.904163176083044e-05,6.938336823916955e-05,12.347238197675125
9.8425e-05,1343.2426466911872,0.44317183370521146,1000000.0,22.15859168526057,1.8118913715309884e-05,1.787776173645952e-05,8.054723826354048e-05,22.42595403241665
9.8425e-05,2778.2731669427512,0.21641560915074454,1000000.0,10.820780457537227,3.129331179493779e-05,3.0944762874488265e-05,6.748023712551173e-05,11.04726344042105
9.8425e-05,1892.7647667487267,0.6551977162262272,1000000.0,32.759885811311364,9.872970890221976e-06,9.82173909119326e-06,8.860326090880673e-05,32.835764590272426
9.8425e-05,2501.059671299324,0.49442396287540136,1000000.0,24.721198143770067,1.589149265865514e-05,1.579115716445232e-05,8.263384283554767e-05,24.841631190477848
9.8425e-05,1561.7935716143738,0.7975055183993831,1000000.0,39.875275919969155,5.413028967520706e-06,5.39433271994726e-06,9.303066728005273e-05,39.90734675284399
9.8425e-05,1939.5192960212307,0.2824457609031979,1000000.0,14.122288045159895,2.6672144559947917e-05,2.631032664092754e-05,7.211467335907246e-05,14.409299668226419
9.8425e-05,1998.8418710008636,0.30483455288146677,1000000.0,15.241727644073338,2.5290638925772427e-05,2.497464359733567e-05,7.345035640266432e-05,15.506862653966877
9.8425e-05,1858.174179674401,0.2832143123161115,1000000.0,14.160715615805575,2.6623383359883916e-05,2.624731934355197e-05,7.217768065644802e-05,14.459723890092862
9.8425e-05,2003.8135751623022,0.4799486635172814,1000000.0,23.997433175864067,1.6502325875609933e-05,1.636753172823678e-05,8.205746827176321e-05,24.155763252463352
9.8425e-05,2044.5552559745674,0.7629997415668961,1000000.0,38.14998707834481,6.43586794550389e-06,6.4156726381089e-06,9.200932736189109e-05,38.18349992723806
9.8425e-05,1214.4854332324135,0.49965694536145466,1000000.0,24.98284726807273,1.5673970480721102e-05,1.5474261930846205e-05,8.295073806915379e-05,25.22489277619177
9.8425e-05,1048.6086550012726,0.6642873153070572,1000000.0,33.21436576535286,9.567433887188958e-06,9.480930523385034e-06,8.894406947661495e-05,33.3438922767719
9.8425e-05,2449.014994005285,0.6380737062769763,1000000.0,31.90368531384882,1.0457320551340309e-05,1.0412857536869174e-05,8.801214246313082e-05,31.96823674383513
9.8425e-05,1279.0388486403883,0.6618030624595375,1000000.0,33.09015312297687,9.650626394920189e-06,9.57835561781015e-06,8.884664438218984e-05,33.1980388954854
9.8425e-05,1867.5810758316452,0.2193908791809751,1000000.0,10.969543959048755,3.1063761171988846e-05,3.055552643564225e-05,6.786947356435774e-05,11.30436658733832
9.8425e-05,1893.2558734312247,0.46675105285319274,1000000.0,23.337552642659638,1.7071404823927936e-05,1.691884831385778e-05,8.150615168614222e-05,23.513098549369964
9.8425e-05,2716.880595677585,0.6961042463139719,1000000.0,34.8052123156986,8.522039303043393e-06,8.495391807752066e-06,8.992960819224793e-05,34.84649612497528
9.8425e-05,2560.8103703768156,0.3761408967613461,1000000.0,18.807044838067306,2.1344759263765552e-05,2.116831798694284e-05,7.725668201305716e-05,18.979838808840857
9.8425e-05,1013.0667661985484,0.6496948260880522,1000000.0,32.48474130440261,1.0059492604840204e-05,9.960586540611937e-06,8.846441345938805e-05,32.63042422137613
9.8425e-05,2100.084711725859,0.6917395541150031,1000000.0,34.58697770575016,8.663298602652651e-06,8.627707464066571e-06,8.979729253593342e-05,34.64186624887115
9.8425e-05,1441.3165036160115,0.5763844551067323,1000000.0,28.819222755336614,1.2665253551738704e-05,1.2554929851500336e-05,8.587007014849966e-05,28.96780452581916
9.8425e-05,1497.2385608309257,0.5733182484439351,1000000.0,28.665912422196755,1.2779536349325917e-05,1.2671380990387694e-05,8.57536190096123e-05,28.8109872321672
9.8425e-05,2800.0440782028163,0.38361148532503087,1000000.0,19.180574266251543,2.0964851752248313e-05,2.080904756307095e-05,7.761595243692904e-05,19.335360559755923
9.8425e-05,2889.025406437601,0.3152076448399238,1000000.0,15.76038224199619,2.4676259287447848e-05,2.446727503227022e-05,7.395772496772977e-05,15.939785890640652
9.8425e-05,1098.7487207227182,0.7876722012161286,1000000.0,39.383610060806426,5.701075839262028e-06,5.671647371054425e-06,9.275335262894557e-05,39.43363172259116
9.8425e-05,1092.6676389125068,0.5553610848798478,1000000.0,27.768054243992392,1.3458195622134215e-05,1.3294450211125137e-05,8.513054978887486e-05,27.98272877848429
9.8425e-05,1975.3695680435394,0.5513895840096714,1000000.0,27.56947920048357,1.3610508445800909e-05,1.3517372299118037e-05,8.490762770088196e-05,27.69077675622586
9.8425e-05,1735.786019301831,0.2568945251855523,1000000.0,12.844726259277614,2.8353060932649454e-05,2.7897373468289396e-05,7.05276265317106e-05,13.18212378623333
9.8425e-05,2867.302603886722,0.31030543326652804,1000000.0,15.515271663326402,2.4964688018512602e-05,2.474920459842693e-05,7.367579540157307e-05,15.698119948983397
9.8425e-05,2495.393676917004,0.5505879869977816,1000000.0,27.52939934988908,1.3641350585668158e-05,1.3567184046037849e-05,8.485781595396214e-05,27.625853842388697
9.8425e-05,2257.573388480163,0.38676621664991256,1000000.0,19.33831083249563,2.0806086988239745e-05,2.061608648111474e-05,7.780891351888525e-05,19.528357406897896
9.8425e-05,2631.9239666383346,0.510587723685437,1000000.0,25.52938618427185,1.5225059516526175e-05,1.5137492690861481e-05,8.328750730913851e-05,25.637033332443128
9.8425e-05,2801.0759816371165,0.7111128066746453,1000000.0,35.55564033373226,8.041314029615842e-06,8.018295150545665e-06,9.040670484945433e-05,35.591875355286525
9.8425e-05,2476.195747158743,0.24217276613116867,1000000.0,12.108638306558433,2.937928217570581e-05,2.9034793501028594e-05,6.93902064989714e-05,12.352106575095238
9.8425e-05,1752.672822055736,0.6935451335377725,1000000.0,34.677256676888625,8.604781823806634e-06,8.562742868634422e-06,8.986225713136557e-05,34.742222869835956
9.8425e-05,1416.680137605516,0.7245878709800382,1000000.0,36.22939354900191,7.616147355919614e-06,7.5754214892867095e-06,9.084957851071329e-05,36.294429777609245
9.8425e-05,2915.9608654953618,0.7381383103150734,1000000.0,36.90691551575367,7.194540968268059e-06,7.176833589580756e-06,9.124816641041924e-05,36.935577654676564
9.8425e-05,1982.6384492261145,0.7839561297344637,1000000.0,39.19780648672319,5.810632839565818e-06,5.793653046469398e-06,9.263134695353059e-05,39.226560284821616
9.8425e-05,1932.8859852274427,0.3253531680281251,1000000.0,16.267658401406255,2.408985662136286e-05,2.379331683807684e-05,7.463168316192316e-05,16.528797379168438
9.8425e-05,2398.752254905699,0.5678178188028342,1000000.0,28.39089094014171,1.2985700749994037e-05,1.2915780871852654e-05,8.550921912814735e-05,28.483940660754154
9.8425e-05,1129.30448995822,0.41963665165583297,1000000.0,20.981832582791647,1.9207017681835696e-05,1.888581103673348e-05,7.953918896326651e-05,21.324209652210556
9.8425e-05,2470.914426505517,0.6950472801253522,1000000.0,34.75236400626761,8.55618596468057e-06,8.526660178855965e-06,8.989833982114403e-05,34.798057126892864
9.8425e-05,2002.401834662528,0.6459263247541684,1000000.0,32.296316237708425,1.018791148665532e-05,1.0136339356439255e-05,8.828866064356074e-05,32.371887662841544
9.8425e-05,2683.2934771259997,0.26037541585505675,1000000.0,13.018770792752838,2.8116890958301714e-05,2.7825323305368533e-05,7.059967669463146e-05,13.23607317436674
9.8425e-05,2411.2763603615467,0.369273923180268,1000000.0,18.463696159013402,2.169899539082189e-05,2.150546839933072e-05,7.691953160066927e-05,18.650687024340684
9.8425e-05,1753.3437579965819,0.6844000690900875,1000000.0,34.22000345450438,8.902348931349435e-06,8.857376883356856e-06,8.956762311664314e-05,34.28881748755966
9.8425e-05,2235.527291102723,0.5624734176375739,1000000.0,28.12367088187869,1.3187456691269494e-05,1.3110119619435588e-05,8.53148803805644e-05,28.225877687527063
9.8425e-05,2225.7388136053128,0.20548340676074411,1000000.0,10.274170338037205,3.2157648611140014e-05,3.1699649592361966e-05,6.672535040763803e-05,10.561163427773296
9.8425e-05,1042.7164697218739,0.45656358058983937,1000000.0,22.82817902949197,1.751899819436654e-05,1.7229519765261142e-05,8.119548023473885e-05,23.156649901500383
9.8425e-05,2131.635056783607,0.4718020017095316,1000000.0,23.590100085476582,1.685220029092674e-05,1.6720015818475083e-05,8.170498418152491e-05,23.74337826485034
9.8425e-05,2017.3338043852903,0.44715729099799384,1000000.0,22.35786454989969,1.7938970673783366e-05,1.7780855912568857e-05,8.064414408743114e-05,22.534070988294673
9.8425e-05,1598.6876341347029,0.4950502597391251,1000000.0,24.752512986956255,1.5865368347946496e-05,1.5709467666811237e-05,8.271553233318876e-05,24.940007906387702
9.8425e-05,2909.6499684269634,0.376053859527539,1000000.0,18.80269297637695,2.134921865200274e-05,2.119371225027451e-05,7.723128774972549e-05,18.95489642588888
9.8425e-05,1750.8885072523012,0.5966010764197334,1000000.0,29.83005382098667,1.192294367762523e-05,1.1842301708874214e-05,8.658269829112577e-05,29.941446328697648
9.8425e-05,1894.0895616398618,0.42768920213899436,1000000.0,21.384460106949717,1.882968699842273e-05,1.864433828978751e-05,7.978066171021249e-05,21.584343645089202
9.8425e-05,1266.2398163530775,0.6474384860812377,1000000.0,32.371924304061885,1.0136314373320195e-05,1.0055817044514535e-05,8.836918295548546e-05,32.49014644854492
9.8425e-05,1343.3164687819526,0.7500517847802135,1000000.0,37.502589239010675,6.828635711905368e-06,6.79409848658736e-06,9.163090151341263e-05,37.55918398002917
9.8425e-05,1881.0346800275472,0.3047835045887436,1000000.0,15.23917522943718,2.5293700929989357e-05,2.4958096994630437e-05,7.346690300536955e-05,15.520840672596082
9.8425e-05,1468.7541738546765,0.7434392016694265,1000000.0,37.17196008347132,7.031188852073959e-06,6.99768966044161e-06,9.142731033955838e-05,37.22648961452138
9.8425e-05,2287.155667508828,0.7219219055356734,1000000.0,36.09609527678367,7.699790767377947e-06,7.673956121606429e-06,9.075104387839357e-05,36.137227316508174
9.8425e-05,1870.7057713482125,0.23048244096443285,1000000.0,11.524122048221642,3.0228060569221353e-05,2.9747383319737688e-05,6.867761668026231e-05,11.852478390740785
9.8425e-05,1120.7533867942332,0.32652034699234644,1000000.0,16.326017349617324,2.40232782476035e-05,2.35191468170937e-05,7.49058531829063e-05,16.77302253978915
9.8425e-05,1022.5441434826635,0.3771122521928425,1000000.0,18.855612609642126,2.1295043908997164e-05,2.0860610233232157e-05,7.756438976676784e-05,19.284031432790993
9.8425e-05,2125.695946050427,0.3783766743918069,1000000.0,18.918833719590346,2.123047265366752e-05,2.1020529282916047e-05,7.740447071708394e-05,19.125486525478827
9.8425e-05,1894.4800561878228,0.48246389722009103,1000000.0,24.123194861004553,1.639520454475594e-05,1.6254534592306333e-05,8.217046540769366e-05,24.289092995493824
9.8425e-05,2312.2012300695487,0.7065404766814596,1000000.0,35.32702383407298,8.186953457003536e-06,8.15806768375965e-06,9.026693231624034e-05,35.372279179089006
9.8425e-05,1636.7208622236203,0.7201903058642913,1000000.0,36.00951529321457,7.754243072550742e-06,7.717679256270062e-06,9.070732074372993e-05,36.067635109759436
9.8425e-05,1777.9744911985504,0.44660569980057363,1000000.0,22.33028499002868,1.7963803063560187e-05,1.7784120820836498e-05,8.06408791791635e-05,22.530422008805267
9.8425e-05,1579.0508736208317,0.7655711954737316,1000000.0,38.27855977368658,6.358460498653441e-06,6.332959185495479e-06,9.209204081450451e-05,38.32098818227984
9.8425e-05,1214.2718410181785,0.277427991139554,1000000.0,13.871399556977702,2.6992969934243706e-05,2.640597156013213e-05,7.201902843986787e-05,14.333008013768303
9.8425e-05,1874.0638604865278,0.3040647916907805,1000000.0,15.203239584539025,2.5336852010865522e-05,2.499887379194802e-05,7.342612620805197e-05,15.486410831246639
9.8425e-05,2540.5237128749022,0.6592869638557806,1000000.0,32.964348192789025,9.735124431923316e-06,9.697962459844782e-06,8.872703754015521e-05,33.01963253447983
9.8425e-05,1919.8664399554652,0.6487403408614556,1000000.0,32.43701704307278,1.0091965573168529e-05,1.0039193571016429e-05,8.838580642898357e-05,32.51460074311765
9.8425e-05,2475.6552715758517,0.2369622128332856,1000000.0,11.848110641664281,2.9753711280197516e-05,2.9400362449326726e-05,6.902463755067327e-05,12.093857576120943
9.8425e-05,2396.357860917985,0.43929267985282994,1000000.0,21.964633992641495,1.829522651091766e-05,1.815660812518417e-05,8.026839187481583e-05,22.11701739486565
9.8425e-05,1496.086533529558,0.3268662358205676,1000000.0,16.34331179102838,2.4003582302209635e-05,2.3624544271938858e-05,7.480045572806114e-05,16.67881862263122
9.8425e-05,2455.1771768125263,0.3604661651215677,1000000.0,18.023308256078387,2.2160654056681843e-05,2.1962419249099048e-05,7.646258075090094e-05,18.21143294631882
9.8425e-05,1586.8051895338567,0.5196834611752903,1000000.0,25.984173058764515,1.485697327333457e-05,1.4719160406195528e-05,8.370583959380447e-05,26.156000555557195
9.8425e-05,2283.1046120398546,0.22243052342055164,1000000.0,11.121526171027583,3.0831642477257685e-05,3.042083160207054e-05,6.800416839792945e-05,11.394373388845901
9.8425e-05,2694.9298879917724,0.5700521527380589,1000000.0,28.502607636902944,1.2901774677567968e-05,1.2840302691651884e-05,8.55846973083481e-05,28.584643919151965
9.8425e-05,1811.7416523497357,0.2486250544688579,1000000.0,12.431252723442896,2.89239051177645e-05,2.8469399798279695e-05,6.995560020172029e-05,12.759635223477902
9.8425e-05,1470.6632532351978,0.3186673193671433,1000000.0,15.933365968357165,2.447472297697088e-05,2.4074082986327994e-05,7.435091701367199e-05,16.28147053820913
9.8425e-05,2338.515618472692,0.5646919818069733,1000000.0,28.234599090348667,1.310353010566073e-05,1.3030515518526688e-05,8.539448448147331e-05,28.331371233447317
9.8425e-05,1061.345943656916,0.3232871218851785,1000000.0,16.164356094258924,2.4208148783174965e-05,2.366830054199607e-05,7.475669945800393e-05,16.63982619876593
9.8425e-05,2828.1856583285016,0.6057126217775337,1000000.0,30.285631088876684,1.1594544485404283e-05,1.1547205095654749e-05,8.687779490434524e-05,30.351731222980643
9.8425e-05,2476.521069608989,0.6851666973415922,1000000.0,34.25833486707961,8.877289836982146e-06,8.845582133245128e-06,8.957941786675486e-05,34.30688240489223
9.8425e-05,1008.0542426621299,0.4758915100192199,1000000.0,23.794575500960995,1.667600679913592e-05,1.640462884097471e-05,8.202037115902528e-05,24.112110841743217
9.8425e-05,2826.761860805555,0.6570865790840941,1000000.0,32.8543289542047,9.809218333851167e-06,9.775296827343263e-06,8.864970317265674e-05,32.904663483423164
9.8425e-05,1145.280541134035,0.23936172100663,1000000.0,11.9680860503315,2.9580524088375147e-05,2.88357488709095e-05,6.958925112909049e-05,12.494444787949911
9.8425e-05,2507.0364302362027,0.6335970035086199,1000000.0,31.679850175430996,1.061202270696622e-05,1.0567292464425201e-05,8.785770753557479e-05,31.74444793847221
9.8425e-05,2522.9317176828345,0.7607276355348951,1000000.0,38.036381776744754,6.50442723083046e-06,6.487701142019622e-06,9.193729885798037e-05,38.064074100594965
9.8425e-05,1986.969412776415,0.39569448836897975,1000000.0,19.784724418448988,2.0361966513666312e-05,2.0155418813280988e-05,7.826958118671901e-05,19.99495128233822
9.8425e-05,1660.355807164785,0.4669503691021562,1000000.0,23.34751845510781,1.706272112768378e-05,1.688915892637826e-05,8.153584107362173e-05,23.547376748029706
9.8425e-05,2341.8246655923795,0.7253865674345246,1000000.0,36.26932837172623,7.591133568500092e-06,7.566606063034525e-06,9.085839393696546e-05,36.30851888825202
9.8425e-05,2233.806321576186,0.41213833811648,1000000.0,20.606916905824,1.9563292274967983e-05,1.9393447788611514e-05,7.903155221138848e-05,20.785015726933675
9.8425e-05,1992.034568072652,0.5523352978976224,1000000.0,27.61676489488112,1.3574164494616336e-05,1.3482293164613176e-05,8.494270683538681e-05,27.73656631120891
9.8425e-05,2409.618961725076,0.45286016198124446,1000000.0,22.64300809906222,1.7683567028554857e-05,1.755473737541147e-05,8.087026262458853e-05,22.787869535978757
9.8425e-05,2632.0689312641516,0.6385718130257158,1000000.0,31.928590651285788,1.0440157771745421e-05,1.0398910271499849e-05,8.802608972850014e-05,31.988505559715925
9.8425e-05,2982.1455664590785,0.46435609230007496,1000000.0,23.217804615003747,1.7175965209855622e-05,1.707760503813838e-05,8.134739496186162e-05,23.3304389418211
9.8425e-05,1277.8121375361911,0.4253775013701676,1000000.0,21.26887506850838,1.893746074995644e-05,1.866090202178708e-05,7.976409797821291e-05,21.566424216903172
9.8425e-05,1397.8852411919547,0.6517744110799493,1000000.0,32.58872055399746,9.988865823350846e-06,9.917994827187393e-06,8.85070051728126e-05,32.69331005878463
9.8425e-05,2761.8784416879876,0.7142424812454584,1000000.0,35.71212406227292,7.942030954628275e-06,7.919258411675664e-06,9.050574158832433e-05,35.748089413841555
9.8425e-05,2966.598165512839,0.7051282764162012,1000000.0,35.25641382081006,8.232078196870191e-06,8.20929803602482e-06,9.021570196397518e-05,35.292046377814074
9.8425e-05,2809.3202175111337,0.5491682674384029,1000000.0,27.458413371920145,1.3696058268750904e-05,1.3629610896941402e-05,8.479538910305859e-05,27.544650107004
9.8425e-05,1506.0812078313204,0.25533597657603513,1000000.0,12.766798828801756,2.845958312191307e-05,2.793177188597326e-05,7.049322811402674e-05,13.156425341933256
9.8425e-05,1470.8471473466968,0.22151557854708112,1000000.0,11.075778927354056,3.090125952067727e-05,3.026540877790463e-05,6.815959122209537e-05,11.49889793235151
9.8425e-05,2381.4755039020592,0.37106403397979815,1000000.0,18.55320169898991,2.16061787418419e-05,2.1411916947415165e-05,7.701308305258483e-05,18.741586409579263
9.8425e-05,1725.519306398167,0.6413853570657958,1000000.0,32.06926785328979,1.0343402301663546e-05,1.0281769563868175e-05,8.814323043613182e-05,32.15912054981073
9.8425e-05,2250.5636100284437,0.21973713892102903,1000000.0,10.986856946051452,3.103719820235252e-05,3.061499127256138e-05,6.781000872743862e-05,11.264800676880993
9.8425e-05,1577.5778725625767,0.317939751499586,1000000.0,15.896987574979299,2.4516969208025994e-05,2.414178431667275e-05,7.428321568332724e-05,16.222250147605408
9.8425e-05,2535.7637173763187,0.2912405971890659,1000000.0,14.562029859453297,2.6119988140181914e-05,2.5853678713655588e-05,7.25713212863444e-05,14.777753955437175
9.8425e-05,1754.503424956085,0.5973053234157815,1000000.0,29.865266170789074,1.1897427521254643e-05,1.1817293512360235e-05,8.660770648763976e-05,29.976053984200284
9.8425e-05,2032.1079921605508,0.39791260020208064,1000000.0,19.895630010104032,2.0252797859592588e-05,2.0052942247881408e-05,7.837205775211859e-05,20.09987283707447
9.8425e-05,1739.175954495226,0.45757901696093495,1000000.0,22.87895084804675,1.7474050201737243e-05,1.7300229332676015e-05,8.112477066732397e-05,23.076090785199558
9.8425e-05,2911.871673478827,0.671354573721291,1000000.0,33.567728686064555,9.332035199729992e-06,9.302223214790264e-06,8.912277678520973e-05,33.61268051915037
9.8425e-05,2760.5316098425174,0.5643798292693367,1000000.0,28.218991463466836,1.3115323630672995e-05,1.3053307188759857e-05,8.537169281124013e-05,28.30113692461836
9.8425e-05,1640.741929332537,0.6094359642526845,1000000.0,30.471798212634226,1.1461413310072904e-05,1.1381904939841545e-05,8.704309506015845e-05,30.583389177467897
9.8425e-05,1460.007101113712,0.7659658502213984,1000000.0,38.29829251106992,6.346597632312777e-06,6.319128610656594e-06,9.21058713893434e-05,38.34401387254674
9.8425e-05,2518.014766867269,0.6122812694696279,1000000.0,30.614063473481394,1.1360087687879191e-05,1.1309066546412598e-05,8.71159334535874e-05,30.68588749327292
9.8425e-05,1985.4708593013538,0.28123951131434755,1000000.0,14.061975565717377,2.6748876826424986e-05,2.6393298159429037e-05,7.203170184057096e-05,14.343099563798292
9.8425e-05,2132.4704951137505,0.6967030842792539,1000000.0,34.835154213962696,8.502710320689362e-06,8.468942461001045e-06,8.995605753899895e-05,34.88750925810833
9.8425e-05,1937.761169099943,0.5694358635343746,1000000.0,28.47179317671873,1.292489906274832e-05,1.2839260979558658e-05,8.558573902044133e-05,28.586035640515572
9.8425e-05,2189.1466598015677,0.3577481384560019,1000000.0,17.887406922800096,2.2304826568546066e-05,2.2079858808086837e-05,7.634514119191316e-05,18.09980604043398
9.8425e-05,1972.3963965325422,0.5708210300646759,1000000.0,28.541051503233795,1.2872951158858466e-05,1.2789479930266205e-05,8.563552006973378e-05,28.65260209978868
9.8425e-05,2850.9141216172284,0.28662275344007715,1000000.0,14.331137672003857,2.6408321150472496e-05,2.6165943231466773e-05,7.225905676853322e-05,14.52504422444633
9.8425e-05,2560.7018657264425,0.655033982154272,1000000.0,32.7516991077136,9.878503702258125e-06,9.840541521983165e-06,8.858445847801683e-05,32.80790125034023
9.8425e-05,1626.0965168509454,0.6491704596372703,1000000.0,32.45852298186351,1.0077327877768005e-05,1.0015260795175765e-05,8.840973920482422e-05,32.549831774089064
9.8425e-05,1231.1231665246648,0.7427385980135925,1000000.0,37.136929900679625,7.052728434119842e-06,7.012555645610583e-06,9.141244435438941e-05,37.20228356581992
9.8425e-05,1432.813327234143,0.6132739386149102,1000000.0,30.66369693074551,1.1324820335724214e-05,1.1236011965242313e-05,8.718898803475768e-05,30.788948598383612
9.8425e-05,2349.5127865366676,0.46719562129943665,1000000.0,23.359781064971834,1.705203993432795e-05,1.6929173210936513e-05,8.149582678906349e-05,23.5011866044906
9.8425e-05,2704.275396503421,0.7464816376133363,1000000.0,37.32408188066682,6.937827448463193e-06,6.920073975855646e-06,9.150492602414435e-05,37.353061898370676
9.8425e-05,2665.665125133031,0.6406657689416733,1000000.0,32.03328844708366,1.036811800295201e-05,1.0327947399242632e-05,8.809705260075736e-05,32.09178142609782
9.8425e-05,1439.87850716736,0.3077916372041454,1000000.0,15.389581860207269,2.5113918323980927e-05,2.4683398081958477e-05,7.374160191804152e-05,15.754280779439828
9.8425e-05,2588.971592958861,0.4190810054904237,1000000.0,20.954050274521187,1.9233254094463203e-05,1.9091425486376645e-05,7.933357451362334e-05,21.104564802929634
9.8425e-05,2434.6974346516745,0.24692283812292887,1000000.0,12.346141906146443,2.904317192168178e-05,2.8700803965809375e-05,6.972419603419062e-05,12.59164211683398
9.8425e-05,1128.1208855572468,0.6032440688708574,1000000.0,30.162203443542868,1.1683148358670314e-05,1.1563394478609237e-05,8.686160552139075e-05,30.32911377656048
9.8425e-05,1651.250247610878,0.6434486869839691,1000000.0,32.172434349198454,1.0272648207910627e-05,1.0209135811259911e-05,8.821586418874008e-05,32.26525355285997
9.8425e-05,2130.5388258274957,0.38362995264807714,1000000.0,19.181497632403858,2.0963919522758187e-05,2.0759650240412867e-05,7.766534975958713e-05,19.384630185430684
9.8425e-05,2017.6420582226947,0.5499611244955729,1000000.0,27.498056224778644,1.3665493137972528e-05,1.3573559396782582e-05,8.485144060321741e-05,27.617552678443637
9.8425e-05,1685.7762687387071,0.6043406380342967,1000000.0,30.217031901714837,1.1643755651030112e-05,1.1563883230702303e-05,8.686111676929769e-05,30.32843115999413
9.8425e-05,1401.7199905816688,0.41764882229950273,1000000.0,20.882441114975137,1.9300999187133696e-05,1.9038843615679158e-05,7.938615638432083e-05,21.160572427154424
9.8425e-05,2164.575157317184,0.7743209095717858,1000000.0,38.71604547858929,6.096523323697362e-06,6.07940069895044e-06,9.234559930104955e-05,38.744773549332834
9.8425e-05,1499.3342322425278,0.597694212263435,1000000.0,29.884710613171748,1.1883347035893621e-05,1.1789903220316179e-05,8.663509677968382e-05,30.013992522649303
9.8425e-05,1750.5196471866807,0.3976237172896415,1000000.0,19.881185864482077,2.0266989898309968e-05,2.0035030343761734e-05,7.838996965623826e-05,20.118254410827287
9.8425e-05,1669.3835169138765,0.3836068796113171,1000000.0,19.180343980565855,2.0965084253676813e-05,2.0705058151688044e-05,7.771994184831195e-05,19.439190617499616
9.8425e-05,1886.7025560226944,0.6598612965452522,1000000.0,32.99306482726261,9.715815365526125e-06,9.666038865972447e-06,8.875896113402754e-05,33.067179455832274
9.8425e-05,2490.110242147104,0.5723223754958913,1000000.0,28.616118774794565,1.2816752858268303e-05,1.2751122037170553e-05,8.567387796282944e-05,28.703972937521332
9.8425e-05,1462.924696083007,0.7131397509163362,1000000.0,35.65698754581681,7.976975716889332e-06,7.933715081044125e-06,9.049128491895587e-05,35.72525442063855
9.8425e-05,2271.846475838064,0.30242289754976415,1000000.0,15.121144877488208,2.543571808427139e-05,2.5154091492564826e-05,7.327090850743517e-05,15.355876709257062
9.8425e-05,2157.8448321393553,0.35402570437158365,1000000.0,17.701285218579184,2.25036149627255e-05,2.227135268966374e-05,7.615364731033625e-05,17.91889166276761
9.8425e-05,2873.7860587801206,0.3217225672153379,1000000.0,16.086128360766892,2.429810569795172e-05,2.4094385617028828e-05,7.433061438297116e-05,16.263694224138163
9.8425e-05,2662.9084239048384,0.304551939593681,1000000.0,15.22759697968405,2.530759560908057e-05,2.506934303158549e-05,7.33556569684145e-05,15.427045283580703
9.8425e-05,2590.5137616762786,0.7586232584496237,1000000.0,37.931162922481185,6.568062533035024e-06,6.551451795153867e-06,9.187354820484612e-05,37.95860714377749
9.8425e-05,2088.102984895378,0.2919405354899824,1000000.0,14.597026774499119,2.60765845928074e-05,2.575495237488257e-05,7.267004762511743e-05,14.858333080548705
9.8425e-05,2573.6187141939054,0.31556485712360816,1000000.0,15.778242856180407,2.4655374032556318e-05,2.4421415855688154e-05,7.400358414431184e-05,15.979357991248166
9.8425e-05,1479.5836358061526,0.6326657809023732,1000000.0,31.633289045118662,1.0644306057984818e-05,1.0568276580699401e-05,8.78567234193006e-05,31.743025652195122
9.8425e-05,1907.060585972779,0.7606194604471428,1000000.0,38.03097302235714,6.507695169919677e-06,6.485563690817554e-06,9.193943630918244e-05,38.067614032235745
9.8425e-05,2728.722566863258,0.7079487070002859,1000000.0,35.39743535001429,8.142022880584054e-06,8.117800806596039e-06,9.030719919340396e-05,35.435437836656966
9.8425e-05,1789.8033621142258,0.5526585696997512,1000000.0,27.632928484987563,1.3561751806012265e-05,1.34597640772777e-05,8.49652359227223e-05,27.766003949556556
9.8425e-05,2241.2245028752627,0.5735663214039457,1000000.0,28.678316070197283,1.2770273223151694e-05,1.2697921734176093e-05,8.57270782658239e-05,28.775335787166252
9.8425e-05,1289.218921817389,0.21740994030898564,1000000.0,10.870497015449281,3.121633441368326e-05,3.0478350836201157e-05,6.794664916379884e-05,11.3558719501506
9.8425e-05,1362.4176310441592,0.5036622629173486,1000000.0,25.18311314586743,1.550863081622908e-05,1.5334080380221453e-05,8.309091961977854e-05,25.39583945420944
9.8425e-05,2362.407984350958,0.20822879225637173,1000000.0,10.411439612818587,3.193740582005932e-05,3.151140299912032e-05,6.691359700087968e-05,10.680850003229434
9.8425e-05,2421.051080189268,0.7855405992081219,1000000.0,39.2770299604061,5.763872076344488e-06,5.750182437057633e-06,9.267481756294235e-05,39.30024606201492
9.8425e-05,2811.441409165535,0.2201754106985384,1000000.0,11.00877053492692,3.100362159865737e-05,3.066545338719531e-05,6.775954661280469e-05,11.231306420860923
9.8425e-05,2308.898828626413,0.7080684437855964,1000000.0,35.40342218927982,8.138205687410957e-06,8.109621598840176e-06,9.031537840115982e-05,35.44827726424336
9.8425e-05,1853.6752478328763,0.5714460282860756,1000000.0,28.57230141430378,1.2849542798236112e-05,1.2761083887348636e-05,8.566391611265135e-05,28.690624887186438
9.8425e-05,2877.4133239665075,0.6376908707482188,1000000.0,31.88454353741094,1.0470518373388264e-05,1.0432555712494453e-05,8.799244428750554e-05,31.93962684757596
9.8425e-05,1454.309995024656,0.6134507818723006,1000000.0,30.672539093615033,1.1318541977394685e-05,1.1231132794740468e-05,8.719386720525952e-05,30.795841080734025
9.8425e-05,1202.467071020694,0.5713815549147117,1000000.0,28.569077745735584,1.285195666210475e-05,1.2716047665139939e-05,8.570895233486006e-05,28.75100674848125
9.8425e-05,1413.9043616550114,0.3868818643945773,1000000.0,19.344093219728865,2.0800285391889585e-05,2.0498723761574523e-05,7.792627623842547e-05,19.646446284572463
9.8425e-05,2489.7441130211173,0.7717213094122619,1000000.0,38.58606547061309,6.1741138576236946e-06,6.158841048796712e-06,9.226615895120329e-05,38.611624638264665
9.8425e-05,2352.1190669197586,0.5022616121948698,1000000.0,25.113080609743488,1.5566337235345663e-05,1.5463996419923447e-05,8.296100358007655e-05,25.237381850594897
9.8425e-05,2284.615180287715,0.599411287200845,1000000.0,29.97056436004225,1.1821258981036509e-05,1.176040723634758e-05,8.666459276365241e-05,30.05488793297499
9.8425e-05,2276.867624168014,0.5388214840591135,1000000.0,26.941074202955672,1.4098000162726536e-05,1.4011244776055775e-05,8.441375522394422e-05,27.052113024438825
9.8425e-05,1634.7135675089999,0.788457814568079,1000000.0,39.42289072840395,5.677964092058025e-06,5.658310688824935e-06,9.276668931117506e-05,39.45631671414704
9.8425e-05,2003.2386180981384,0.46784350151228404,1000000.0,23.3921750756142,1.702384374916995e-05,1.68803914693453e-05,8.154460853065469e-05,23.557506473198327
9.8425e-05,2208.9173914057374,0.23936259494433554,1000000.0,11.968129747216777,2.9580461248648015e-05,2.9189572471763466e-05,6.923542752823652e-05,12.24226634171621
9.8425e-05,1734.0055966997093,0.44960271584712413,1000000.0,22.480135792356208,1.7829154632839033e-05,1.7647699872519953e-05,8.077730012748004e-05,22.683269045214765
9.8425e-05,1354.3595097981292,0.4113444396110819,1000000.0,20.567221980554095,1.9601297395211577e-05,1.932165997210314e-05,7.910334002789685e-05,20.86063844262799
9.8425e-05,1390.6657597633573,0.7499974803454299,1000000.0,37.499874017271495,6.830293672044178e-06,6.796910456734423e-06,9.162808954326557e-05,37.5545737255945
9.8425e-05,2620.664347496925,0.2967238395660967,1000000.0,14.836191978304836,2.578203978170784e-05,2.5530867651979155e-05,7.289413234802083e-05,15.042450613816193
9.8425e-05,2244.438863849453,0.45441679694739573,1000000.0,22.720839847369785,1.7614272318987253e-05,1.7477112592557052e-05,8.094788740744293e-05,22.875488983127326
9.8425e-05,2472.415157108356,0.23001871937603782,1000000.0,11.50093596880189,3.026238886894282e-05,2.9896455917841247e-05,6.852854408215874e-05,11.749904345099177
9.8425e-05,1567.8140015072472,0.256510050372931,1000000.0,12.82550251864655,2.8379293516815942e-05,2.787472787114867e-05,7.055027212885132e-05,13.199062446199783
9.8425e-05,1729.725592415938,0.2729993710845601,1000000.0,13.649968554228007,2.727976223640641e-05,2.6856208929807572e-05,7.156879107019241e-05,13.977935606261546
9.8425e-05,2559.464284822944,0.256122886107469,1000000.0,12.80614430537345,2.840573941791684e-05,2.8093943993757048e-05,7.033105600624294e-05,13.035775235694633
9.8425e-05,1044.587199812227,0.354004080690989,1000000.0,17.70020403454945,2.2504774297601594e-05,2.2030152729382524e-05,7.639484727061746e-05,18.146989102741898
9.8425e-05,1949.9950129762688,0.5731053984150822,1000000.0,28.65526992075411,1.2787486636092107e-05,1.2704176430045064e-05,8.572082356995494e-05,28.766938847426548
9.8425e-05,1786.6082348466875,0.5293098367164978,1000000.0,26.46549183582489,1.4472638929253138e-05,1.4356343608689654e-05,8.406865639131033e-05,26.61244251372344
9.8425e-05,1405.543141516622,0.6140818502937608,1000000.0,30.704092514688043,1.1296148599027236e-05,1.120608688626877e-05,8.721891311373122e-05,30.831240002079337
9.8425e-05,2242.895859217043,0.2999613734638248,1000000.0,14.99806867319124,2.558469479711279e-05,2.52961419123622e-05,7.312885808763779e-05,15.237140713644266
9.8425e-05,2537.39005093428,0.7108642319991487,1000000.0,35.54321159995744,8.049213634599935e-06,8.023760330316752e-06,9.040123966968325e-05,35.58326987142565
9.8425e-05,2555.249757201876,0.7564609789622381,1000000.0,37.823048948111904,6.633586829378616e-06,6.616410218146325e-06,9.180858978185367e-05,37.85136768355693
9.8425e-05,2412.85703013464,0.20043043659032667,1000000.0,10.021521829516333,3.2568849447048485e-05,3.213508861906299e-05,6.6289911380937e-05,10.288168398108684
9.8425e-05,2594.6517618263906,0.6004993515859394,1000000.0,30.02496757929697,1.1781984457586258e-05,1.1728725801786274e-05,8.669627419821372e-05,30.098859949089324
9.8425e-05,2443.1264000545816,0.3999482228862119,1000000.0,19.997411144310597,2.015301166207099e-05,1.998813232393349e-05,7.84368676760665e-05,20.166441868337838
